"","RK","NAME","TEAM","SALARY","POSITION"
"1","1","Stephen Curry","Golden State Warriors",48070014," PG"
"2","2","Russell Westbrook","Los Angeles Lakers",47063478," PG"
"3","3","LeBron James","Los Angeles Lakers",44474988," SF"
"4","4","Kevin Durant","Brooklyn Nets",44119845," PF"
"5","5","Bradley Beal","Washington Wizards",43279250," SG"
"6","6","Damian Lillard","Portland Trail Blazers",42492492," PG"
"7","7","Giannis Antetokounmpo","Milwaukee Bucks",42492492," PF"
"8","8","Kawhi Leonard","LA Clippers",42492492," SF"
"9","9","Paul George","LA Clippers",42492492," SG"
"10","10","Klay Thompson","Golden State Warriors",40600080," SG"
"11","11","Rudy Gobert","Minnesota Timberwolves",38172414," C"
"12","12","Anthony Davis","Los Angeles Lakers",37980720," PF"
"13","13","Khris Middleton","Milwaukee Bucks",37948276," SF"
"14","14","Jimmy Butler","Miami Heat",37653300," SF"
"15","15","Tobias Harris","Philadelphia 76ers",37633050," PF"
"16","16","Zach LaVine","Chicago Bulls",37096500," SG"
"17","17","Luka Doncic","Dallas Mavericks",37095000," PG"
"18","18","Trae Young","Atlanta Hawks",37095000," PG"
"19","19","Kyrie Irving","Brooklyn Nets",36934550," PG"
"20","20","Pascal Siakam","Toronto Raptors",35448672," PF"
"21","21","Ben Simmons","Brooklyn Nets",35448672," PG"
"22","22","Kristaps Porzingis","Washington Wizards",33833400," C"
"23","23","Devin Booker","Phoenix Suns",33833400," SG"
"24","24","Karl-Anthony Towns","Minnesota Timberwolves",33833400," C"
"25","25","Jrue Holiday","Milwaukee Bucks",33665040," PG"
"26","26","Joel Embiid","Philadelphia 76ers",33616770," C"
"27","27","Andrew Wiggins","Golden State Warriors",33616770," SF"
"28","28","CJ McCollum","New Orleans Pelicans",33333333," SG"
"29","29","Nikola Jokic","Denver Nuggets",33047804," C"
"30","30","James Harden","Philadelphia 76ers",3.3e+07," SG"
"31","31","Brandon Ingram","New Orleans Pelicans",31650600," SF"
"32","32","Jamal Murray","Denver Nuggets",31650000," PG"
"33","33","D'Angelo Russell","Minnesota Timberwolves",31377750," PG"
"34","34","Shai Gilgeous-Alexander","Oklahoma City Thunder",30913750," PG"
"35","35","Deandre Ayton","Phoenix Suns",30913750," C"
"36","36","Michael Porter Jr.","Denver Nuggets",30913750," SF"
"37","37","Donovan Mitchell","Cleveland Cavaliers",30913750," SG"
"38","38","Bam Adebayo","Miami Heat",30351780," C"
"39","39","Gordon Hayward","Charlotte Hornets",30075000," SF"
"40","40","Jaren Jackson Jr.","Memphis Grizzlies",28946605," PF"
"41","41","Kevin Love","Cleveland Cavaliers",28942830," PF"
"42","42","Jaylen Brown","Boston Celtics",28741071," SG"
"43","43","Chris Paul","Phoenix Suns",28400000," PG"
"44","44","Kyle Lowry","Miami Heat",28333334," PG"
"45","45","De'Aaron Fox","Sacramento Kings",28103550," PG"
"46","46","Jayson Tatum","Boston Celtics",28103500," SF"
"47","47","Jalen Brunson","New York Knicks",27733332," PG"
"48","48","DeMar DeRozan","Chicago Bulls",27300000," SF"
"49","49","Al Horford","Boston Celtics",26500000," C"
"50","50","Draymond Green","Golden State Warriors",25806468," PF"
"51","51","Julius Randle","New York Knicks",23760000," PF"
"52","52","John Collins","Atlanta Hawks",23500000," PF"
"53","53","Buddy Hield","Indiana Pacers",22768890," SG"
"54","54","Mike Conley","Utah Jazz",22680000," PG"
"55","55","Malcolm Brogdon","Boston Celtics",22600000," PG"
"56","56","Anfernee Simons","Portland Trail Blazers",22321429," SG"
"57","57","Nikola Vucevic","Chicago Bulls",2.2e+07," C"
"58","58","Terry Rozier","Charlotte Hornets",21486283," SG"
"59","59","Fred VanVleet","Toronto Raptors",21250000," SG"
"60","60","Jerami Grant","Portland Trail Blazers",20955000," SF"
"61","61","Spencer Dinwiddie","Dallas Mavericks",20171427," PG"
"62","62","Mikal Bridges","Phoenix Suns",20100000," SF"
"63","63","Jarrett Allen","Cleveland Cavaliers",2e+07," C"
"64","64","Aaron Gordon","Denver Nuggets",19690909," PF"
"65","65","Tim Hardaway Jr.","Dallas Mavericks",19602273," SF"
"66","66","Eric Gordon","Houston Rockets",19568360," SG"
"67","67","Bojan Bogdanovic","Detroit Pistons",19550000," SF"
"68","68","Lonzo Ball","Chicago Bulls",19534884," PG"
"69","69","Eric Bledsoe","Portland Trail Blazers",19375000," SG"
"70","70","Caris LeVert","Cleveland Cavaliers",18796296," SG"
"71","71","Clint Capela","Atlanta Hawks",18706896," C"
"72","72","Joe Harris","Brooklyn Nets",18642857," SF"
"73","73","Domantas Sabonis","Sacramento Kings",18500000," PF"
"74","74","Harrison Barnes","Sacramento Kings",18352273," SF"
"75","75","Evan Fournier","New York Knicks",1.8e+07," SG"
"76","76","Myles Turner","Indiana Pacers",1.8e+07," C"
"77","77","Bogdan Bogdanovic","Atlanta Hawks",1.8e+07," SG"
"78","78","Steven Adams","Memphis Grizzlies",17926829," C"
"79","79","Gary Trent Jr.","Toronto Raptors",17505000," SG"
"80","80","Jonathan Isaac","Orlando Magic",17400000," PF"
"81","81","O.G. Anunoby","Toronto Raptors",17357143," SF"
"82","82","Marcus Smart","Boston Celtics",17207141," PG"
"83","83","Mitchell Robinson","New York Knicks",17045454," C"
"84","84","Duncan Robinson","Miami Heat",16902000," F"
"85","85","Derrick White","Boston Celtics",16892857," PG"
"86","86","Norman Powell","LA Clippers",16758621," SF"
"87","87","Dejounte Murray","Atlanta Hawks",16571120," SG"
"88","88","Collin Sexton","Utah Jazz",16500000," PG"
"89","89","Markelle Fultz","Orlando Magic",16500000," PG"
"90","90","Lauri Markkanen","Utah Jazz",16475454," PF"
"91","91","Marcus Morris Sr.","LA Clippers",16372093," SF"
"92","92","Davis Bertans","Dallas Mavericks",1.6e+07," SF"
"93","93","Jusuf Nurkic","Portland Trail Blazers",15625000," C"
"94","94","Malik Beasley","Utah Jazz",15558035," SG"
"95","95","Luguentz Dort","Oklahoma City Thunder",15277778," G"
"96","96","Jonas Valanciunas","New Orleans Pelicans",14700000," C"
"97","97","Derrick Rose","New York Knicks",14520730," PG"
"98","98","Kevin Huerter","Sacramento Kings",14508929," SG"
"99","99","Luke Kennard","LA Clippers",14415545," SG"
"100","100","Will Barton","Washington Wizards",14375000," SF"
"101","101","Christian Wood","Dallas Mavericks",14317460," F"
"102","102","Wendell Carter Jr.","Orlando Magic",14150000," C"
"103","103","Kentavious Caldwell-Pope","Denver Nuggets",14004703," SG"
"104","104","Brook Lopez","Milwaukee Bucks",13906976," C"
"105","105","Doug McDermott","San Antonio Spurs",13750000," SF"
"106","106","Zion Williamson","New Orleans Pelicans",13534817," PF"
"107","107","Jordan Clarkson","Utah Jazz",13340000," PG"
"108","108","Kyle Kuzma","Washington Wizards",1.3e+07," SF"
"109","109","Gary Harris","Orlando Magic",1.3e+07," SG"
"110","110","Patrick Beverley","Los Angeles Lakers",1.3e+07," PG"
"111","111","Josh Hart","Portland Trail Blazers",12960000," SG"
"112","112","Chris Boucher","Toronto Raptors",12690000," PF"
"113","113","Kelly Oubre Jr.","Charlotte Hornets",12600000," SG"
"114","114","Marvin Bagley III","Detroit Pistons",12500000," PF"
"115","115","Dorian Finney-Smith","Dallas Mavericks",12402000," PF"
"116","116","Robert Covington","LA Clippers",12307692," PF"
"117","117","Kelly Olynyk","Utah Jazz",12195122," PF"
"118","118","Josh Richardson","San Antonio Spurs",11615328," SG"
"119","119","Devonte' Graham","New Orleans Pelicans",11550000," PG"
"120","120","Terrence Ross","Orlando Magic",11500000," SG"
"121","121","Dillon Brooks","Memphis Grizzlies",11400000," SF"
"122","122","Richaun Holmes","Sacramento Kings",11215260," C"
"123","123","Reggie Jackson","LA Clippers",11215260," PG"
"124","124","Dwight Powell","Dallas Mavericks",11080125," C"
"125","125","Paolo Banchero","Orlando Magic",11055120," PF"
"126","126","Robert Williams III","Boston Celtics",10937502," C"
"127","127","RJ Barrett","New York Knicks",10900635," SG"
"128","128","Bobby Portis","Milwaukee Bucks",10843350," F"
"129","129","Nicolas Batum","LA Clippers",10843350," PF"
"130","130","Anthony Edwards","Minnesota Timberwolves",10733400," SG"
"131","131","Cade Cunningham","Detroit Pistons",10552800," PG"
"132","132","P.J. Tucker","Philadelphia 76ers",10490000," PF"
"133","133","Mo Bamba","Orlando Magic",10300000," C"
"134","134","Talen Horton-Tucker","Utah Jazz",10260000," SG"
"135","135","Derrick Favors","Houston Rockets",10183800," F"
"136","136","Jae Crowder","Phoenix Suns",10183000," PF"
"137","137","Ivica Zubac","LA Clippers",10123457," C"
"138","138","Alec Burks","Detroit Pistons",10012800," SG"
"139","139","Reggie Bullock","Dallas Mavericks",10012800," SF"
"140","140","Danny Green","Memphis Grizzlies",1e+07," G"
"141","141","Chet Holmgren","Oklahoma City Thunder",9891240," PF"
"142","142","De'Andre Hunter","Atlanta Hawks",9835881," SF"
"143","143","Larry Nance Jr.","New Orleans Pelicans",9672727," PF"
"144","144","Ja Morant","Memphis Grizzlies",9603360," PG"
"145","145","James Wiseman","Golden State Warriors",9603360," C"
"146","146","Landry Shamet","Phoenix Suns",9500000," SG"
"147","147","Malik Monk","Sacramento Kings",9472219," SG"
"148","148","Jalen Green","Houston Rockets",9441840," SG"
"149","149","Jakob Poeltl","San Antonio Spurs",9398148," C"
"150","150","Dario Saric","Phoenix Suns",9240000," PF"
"151","151","Nerlens Noel","Detroit Pistons",9240000," C"
"152","152","Royce O'Neale","Brooklyn Nets",9200000," PF"
"153","153","Monte Morris","Washington Wizards",9125000," PG"
"154","154","Mason Plumlee","Charlotte Hornets",9080417," C"
"155","155","Alex Caruso","Chicago Bulls",9030000," SG"
"156","156","Maxi Kleber","Dallas Mavericks",9e+06," PF"
"157","157","Darius Garland","Cleveland Cavaliers",8920795," PG"
"158","158","Jabari Smith Jr.","Houston Rockets",8882640," PF"
"159","159","Kyle Anderson","Minnesota Timberwolves",8780488," SF"
"160","160","Victor Oladipo","Miami Heat",8750000," SG"
"161","161","Daniel Theis","Indiana Pacers",8694369," C"
"162","162","LaMelo Ball","Charlotte Hornets",8623920," PG"
"163","163","Nic Claxton","Brooklyn Nets",8500000," C"
"164","164","Grayson Allen","Milwaukee Bucks",8500000," SG"
"165","165","Seth Curry","Brooklyn Nets",8496500," SG"
"166","166","Evan Mobley","Cleveland Cavaliers",8478720," PF"
"167","167","Gary Payton II","Portland Trail Blazers",8300000," SG"
"168","168","De'Anthony Melton","Philadelphia 76ers",8250000," SG"
"169","169","T.J. McConnell","Indiana Pacers",8100000," PG"
"170","170","Keegan Murray","Sacramento Kings",8008440," SF"
"171","171","Thaddeus Young","Toronto Raptors",8e+06," PF"
"172","172","Taurean Prince","Minnesota Timberwolves",8e+06," PF"
"173","173","Kevon Looney","Golden State Warriors",8e+06," F"
"174","174","Isaiah Hartenstein","New York Knicks",7804879," C"
"175","175","Delon Wright","Washington Wizards",7804878," SG"
"176","176","Patrick Williams","Chicago Bulls",7775400," PF"
"177","177","Scottie Barnes","Toronto Raptors",7644720," SF"
"178","178","Cedi Osman","Cleveland Cavaliers",7426088," SF"
"179","179","Coby White","Chicago Bulls",7413955," PG"
"180","180","Aron Baynes","Toronto Raptors",7350000," C"
"181","181","Zach Collins","San Antonio Spurs",7350000," PF"
"182","182","Jaden Ivey","Detroit Pistons",7252200," PG"
"183","183","Jae'Sean Tate","Houston Rockets",7065217," SF"
"184","184","Isaac Okoro","Cleveland Cavaliers",7040880," SF"
"185","185","Cody Martin","Charlotte Hornets",7e+06," SF"
"186","186","Jalen Suggs","Orlando Magic",6922320," SG"
"187","187","Jaxson Hayes","New Orleans Pelicans",6803012," C"
"188","188","Khem Birch","Toronto Raptors",6667500," C"
"189","189","Bennedict Mathurin","Indiana Pacers",6586800," SG"
"190","190","Patty Mills","Brooklyn Nets",6479000," PG"
"191","191","Joe Ingles","Milwaukee Bucks",6479000," SG"
"192","192","Caleb Martin","Miami Heat",6479000," SF"
"193","193","Lonnie Walker IV","Los Angeles Lakers",6479000," G"
"194","194","John Wall","LA Clippers",6479000," PG"
"195","195","Bruce Brown","Denver Nuggets",6479000," SF"
"196","196","Danilo Gallinari","Boston Celtics",6479000," PF"
"197","197","Onyeka Okongwu","Atlanta Hawks",6395160," PF"
"198","198","Jarrett Culver","Atlanta Hawks",6395160," G"
"199","199","Justin Holiday","Atlanta Hawks",6292440," SF"
"200","200","Josh Giddey","Oklahoma City Thunder",6287280," SG"
"201","201","Rui Hachimura","Washington Wizards",6263188," PF"
"202","202","Rudy Gay","Utah Jazz",6184500," SF"
"203","203","Shaedon Sharpe","Portland Trail Blazers",6012960," SG"
"204","204","Otto Porter Jr.","Toronto Raptors",6e+06," SF"
"205","205","Cameron Payne","Phoenix Suns",6e+06," PG"
"206","206","Cam Reddish","New York Knicks",5954454," SF"
"207","207","Cameron Johnson","Phoenix Suns",5887899," SF"
"208","208","Ricky Rubio","Cleveland Cavaliers",5853659," PG"
"209","209","Kevin Knox II","Detroit Pistons",5845979," SF"
"210","210","P.J. Washington","Charlotte Hornets",5808435," PF"
"211","211","Jonathan Kuminga","Golden State Warriors",5739860," PF"
"212","212","Pat Connaughton","Milwaukee Bucks",5728393," SG"
"213","213","Tyler Herro","Miami Heat",5722116," PG"
"214","214","Romeo Langford","San Antonio Spurs",5634257," SG"
"215","215","Killian Hayes","Detroit Pistons",5572680," PG"
"216","216","Dyson Daniels","New Orleans Pelicans",5508600," G"
"217","217","JaVale McGee","Dallas Mavericks",5461219," C"
"218","218","Obi Toppin","New York Knicks",5348280," PF"
"219","219","Franz Wagner","Orlando Magic",5258280," SF"
"220","220","Kendrick Nunn","Los Angeles Lakers",5250000," G"
"221","221","Hamidou Diallo","Detroit Pistons",5200000," SG"
"222","222","Cory Joseph","Detroit Pistons",5155500," PG"
"223","223","Torrey Craig","Phoenix Suns",5121951," SF"
"224","224","Jeremy Sochan","San Antonio Spurs",5063520," F"
"225","225","David Nwaba","Oklahoma City Thunder",5022000," SF"
"226","226","Nickeil Alexander-Walker","Utah Jazz",5009633," SG"
"227","227","Furkan Korkmaz","Philadelphia 76ers",5e+06," SG"
"228","228","Dante Exum","Houston Rockets",5e+06," PG"
"229","229","Lou Williams","Atlanta Hawks",5e+06," SG"
"230","230","Deni Avdija","Washington Wizards",4916160," SF"
"231","231","Garrett Temple","New Orleans Pelicans",4910000," SF"
"232","232","Davion Mitchell","Sacramento Kings",4833600," PG"
"233","233","Johnny Davis","Washington Wizards",4810320," G"
"234","234","Goga Bitadze","Indiana Pacers",4765339," C"
"235","235","Ish Smith","Denver Nuggets",4750000," PG"
"236","236","Dewayne Dedmon","Miami Heat",4700000," C"
"237","237","Jalen Smith","Indiana Pacers",4670160," PF"
"238","238","Ziaire Williams","Memphis Grizzlies",4591680," F"
"239","239","Ousmane Dieng","Oklahoma City Thunder",4569840," F"
"240","240","Maurice Harkless","Houston Rockets",4564980," SF"
"241","241","Donte DiVincenzo","Golden State Warriors",4500000," SG"
"242","242","Jeff Green","Denver Nuggets",4500000," PF"
"243","243","Devin Vassell","San Antonio Spurs",4437000," SG"
"244","244","Matisse Thybulle","Philadelphia 76ers",4379527," SG"
"245","245","James Bouknight","Charlotte Hornets",4362240," SG"
"246","246","Brandon Clarke","Memphis Grizzlies",4343920," PF"
"247","247","Jalen Williams","Oklahoma City Thunder",4341480," F"
"248","248","Grant Williams","Boston Celtics",4306281," PF"
"249","249","Darius Bazley","Oklahoma City Thunder",4264629," PF"
"250","250","Ty Jerome","Golden State Warriors",4220057," SG"
"251","251","Tyrese Haliburton","Indiana Pacers",4215120," PG"
"252","252","Nassir Little","Portland Trail Blazers",4171548," SF"
"253","253","Joshua Primo","San Antonio Spurs",4144320," SG"
"254","254","Jalen Duren","Detroit Pistons",4124280," C"
"255","255","Danuel House Jr.","Philadelphia 76ers",4105000," SF"
"256","256","Willie Cauley-Stein","Houston Rockets",4100000," C"
"257","257","Justise Winslow","Portland Trail Blazers",4097561," PF"
"258","258","Jarred Vanderbilt","Utah Jazz",4050000," PF"
"259","259","Dylan Windler","Cleveland Cavaliers",4037278," SG"
"260","260","Chandler Hutchison","Phoenix Suns",4019459," SF"
"261","261","Kira Lewis Jr.","New Orleans Pelicans",4004280," PG"
"262","262","Terence Davis","Sacramento Kings",4e+06," SG"
"263","263","George Hill","Milwaukee Bucks",4e+06," PG"
"264","264","Chris Duarte","Indiana Pacers",3936960," SG"
"265","265","Ochai Agbaji","Utah Jazz",3918360," G"
"266","266","Alex Len","Sacramento Kings",3918000," C"
"267","267","Jordan Poole","Golden State Warriors",3901399," SG"
"268","268","Keldon Johnson","San Antonio Spurs",3873025," SF"
"269","269","Aaron Nesmith","Indiana Pacers",3804360," SF"
"270","270","Mark Williams","Charlotte Hornets",3722040," C"
"271","271","Gabriel Deck","Oklahoma City Thunder",3676852," SF"
"272","272","Cole Anthony","Orlando Magic",3613680," PG"
"273","273","Sekou Doumbouya","Los Angeles Lakers",3613680," SF"
"274","274","Moses Moody","Golden State Warriors",3562200," SG"
"275","275","Corey Kispert","Washington Wizards",3552960," SF"
"276","276","AJ Griffin","Atlanta Hawks",3536160," F"
"277","277","Mike Muscala","Oklahoma City Thunder",3500000," C"
"278","278","Boban Marjanovic","Houston Rockets",3500000," C"
"279","279","Georges Niang","Philadelphia 76ers",3465000," SF"
"280","280","Chuma Okeke","Orlando Magic",3433320," PF"
"281","281","Isaiah Stewart","Detroit Pistons",3433320," C"
"282","282","Amir Coffey","LA Clippers",3395062," SG"
"283","283","Alperen Sengun","Houston Rockets",3375480," C"
"284","284","Tari Eason","Houston Rockets",3309160," F"
"285","285","Michael Carter-Williams","Orlando Magic",3300000," PG"
"286","286","Aleksej Pokusevski","Oklahoma City Thunder",3261480," F"
"287","287","Trey Burke","Oklahoma City Thunder",3243750," PG"
"288","288","Kevin Porter Jr.","Houston Rockets",3217631," SG"
"289","289","Trey Murphy III","New Orleans Pelicans",3206640," SG"
"290","290","Simone Fontecchio","Utah Jazz",3205128," F"
"291","291","Derrick Jones Jr.","Chicago Bulls",3200000," SF"
"292","292","Andre Drummond","Chicago Bulls",3200000," C"
"293","293","Dalen Terry","Chicago Bulls",3191400," F"
"294","294","Josh Green","Dallas Mavericks",3098400," SG"
"295","295","Jake LaRavia","Memphis Grizzlies",3047640," F"
"296","296","Tre Mann","Oklahoma City Thunder",3046200," PG"
"297","297","Sterling Brown","Oklahoma City Thunder",3e+06," SF"
"298","298","Jordan Nwora","Milwaukee Bucks",3e+06," SF"
"299","299","Saddiq Bey","Detroit Pistons",2959080," SF"
"300","300","Luka Samanic","Boston Celtics",2959080," F"
"301","301","Malaki Branham","San Antonio Spurs",2925600," G"
"302","302","Kai Jones","Charlotte Hornets",2909040," PF"
"303","303","Precious Achiuwa","Toronto Raptors",2840160," PF"
"304","304","Christian Braun","Denver Nuggets",2808600," G"
"305","305","Jalen Johnson","Atlanta Hawks",2792640," SF"
"306","306","Tyrese Maxey","Philadelphia 76ers",2726880," PG"
"307","307","Bruno Fernando","Houston Rockets",2717391," PF"
"308","308","Trey Lyles","Sacramento Kings",2700000," PF"
"309","309","Walker Kessler","Utah Jazz",2696400," C"
"310","310","Marc Gasol","Memphis Grizzlies",2692991," C"
"311","311","Anthony Tolliver","New Orleans Pelicans",2692991," PF"
"312","312","Keon Johnson","Portland Trail Blazers",2681040," SG"
"313","313","David Roddy","Memphis Grizzlies",2588640," F"
"314","314","Isaiah Jackson","Indiana Pacers",2573760," SF"
"315","315","Zeke Nnaji","Denver Nuggets",2498760," PF"
"316","316","MarJon Beauchamp","Milwaukee Bucks",2485200," G"
"317","317","Usman Garuba","Houston Rockets",2471160," PF"
"318","318","Montrezl Harrell","Philadelphia 76ers",2463490," C"
"319","319","Willy Hernangomez","New Orleans Pelicans",2443581," C"
"320","320","R.J. Hampton","Orlando Magic",2412840," PG"
"321","321","Blake Wesley","San Antonio Spurs",2385480," G"
"322","322","Josh Christopher","Houston Rockets",2372160," SG"
"323","323","Leandro Bolmaro","Utah Jazz",2353320," SG"
"324","324","Immanuel Quickley","New York Knicks",2316240," SG"
"325","325","Wendell Moore Jr.","Minnesota Timberwolves",2306520," G"
"326","326","John Konchar","Memphis Grizzlies",2300000," SG"
"327","327","Damian Jones","Los Angeles Lakers",2298385," C"
"328","328","Quentin Grimes","New York Knicks",2277000," SG"
"329","329","Andrew Nembhard","Indiana Pacers",2244111," PG"
"330","330","Nikola Jovic","Miami Heat",2239920," F"
"331","331","Payton Pritchard","Boston Celtics",2239200," PG"
"332","332","Vlatko Cancar","Denver Nuggets",2234359," SF"
"333","333","Patrick Baldwin Jr.","Golden State Warriors",2226000," F"
"334","334","TyTy Washington Jr.","Houston Rockets",2210040," G"
"335","335","Bones Hyland","Denver Nuggets",2201520," PG"
"336","336","Bol Bol","Orlando Magic",2200000," C"
"337","337","Peyton Watson","Denver Nuggets",2193960," F"
"338","338","Marquese Chriss","Oklahoma City Thunder",2193920," SF"
"339","339","Nik Stauskas","Indiana Pacers",2193920," G"
"340","340","Udoka Azubuike","Utah Jazz",2174880," C"
"341","341","Jaden McDaniels","Minnesota Timberwolves",2161440," PF"
"342","342","Jordan McLaughlin","Minnesota Timberwolves",2160000," PG"
"343","343","Malachi Flynn","Toronto Raptors",2145720," PG"
"344","344","Cam Thomas","Brooklyn Nets",2138160," SG"
"345","345","Luke Kornet","Boston Celtics",2133278," C"
"346","346","Desmond Bane","Memphis Grizzlies",2130240," SG"
"347","347","Jahlil Okafor","Atlanta Hawks",2130023," C"
"348","348","Jaden Springer","Philadelphia 76ers",2125200," G"
"349","349","Day'Ron Sharpe","Brooklyn Nets",2109480," C"
"350","350","Jevon Carter","Milwaukee Bucks",2100000," PG"
"351","351","Santi Aldama","Memphis Grizzlies",2094240," PF"
"352","352","Frank Ntilikina","Dallas Mavericks",2036318," PG"
"353","353","Tony Bradley","Chicago Bulls",2036318," C"
"354","354","Jaylin Williams","Oklahoma City Thunder",2e+06," F"
"355","355","Jeremiah Robinson-Earl","Oklahoma City Thunder",2e+06," PF"
"356","356","Kenrich Williams","Oklahoma City Thunder",2e+06," SF"
"357","357","Abdel Nader","Phoenix Suns",2e+06," SF"
"358","358","Caleb Houstan","Orlando Magic",2e+06," F"
"359","359","Garrison Mathews","Houston Rockets",2e+06," SG"
"360","360","Shake Milton","Philadelphia 76ers",1977718," SG"
"361","361","Edmond Sumner","Brooklyn Nets",1968175," PG"
"362","362","Jontay Porter","Memphis Grizzlies",1950000," PF"
"363","363","Denzel Valentine","Boston Celtics",1939350," G"
"364","364","Jalen McDaniels","Charlotte Hornets",1930681," PF"
"365","365","Daniel Gafford","Washington Wizards",1930681," C"
"366","366","Naz Reid","Minnesota Timberwolves",1930681," C"
"367","367","Jaylen Nowell","Minnesota Timberwolves",1930681," SG"
"368","368","Terance Mann","LA Clippers",1930681," SG"
"369","369","Dean Wade","Cleveland Cavaliers",1930681," PF"
"370","370","P.J. Dozier","Minnesota Timberwolves",1910860," SG"
"371","371","Chimezie Metu","Sacramento Kings",1910680," PF"
"372","372","Davon Reed","Denver Nuggets",1902133," SG"
"373","373","Xavier Tillman","Memphis Grizzlies",1901625," F"
"374","374","Killian Tillie","Memphis Grizzlies",1901625," SF"
"375","375","Theo Maledon","Charlotte Hornets",1900000," PG"
"376","376","Keita Bates-Diop","San Antonio Spurs",1878720," SF"
"377","377","Moritz Wagner","Orlando Magic",1878720," C"
"378","378","Svi Mykhailiuk","New York Knicks",1878720," SG"
"379","379","Thanasis Antetokounmpo","Milwaukee Bucks",1878720," SF"
"380","380","Wenyen Gabriel","Los Angeles Lakers",1878720," F"
"381","381","Didi Louzada","Cleveland Cavaliers",1876222," SF"
"382","382","Oshae Brissett","Indiana Pacers",1846738," SF"
"383","383","Dennis Smith Jr.","Charlotte Hornets",1836090," PG"
"384","384","Juancho Hernangomez","Toronto Raptors",1836090," PF"
"385","385","Anthony Gill","Washington Wizards",1836090," PF"
"386","386","Taj Gibson","Washington Wizards",1836090," F"
"387","387","Isaiah Joe","Oklahoma City Thunder",1836090," SG"
"388","388","Gorgui Dieng","San Antonio Spurs",1836090," C"
"389","389","Matthew Dellavedova","Sacramento Kings",1836090," PG"
"390","390","Drew Eubanks","Portland Trail Blazers",1836090," PF"
"391","391","Josh Okogie","Phoenix Suns",1836090," SF"
"392","392","Damion Lee","Phoenix Suns",1836090," SG"
"393","393","Bismack Biyombo","Phoenix Suns",1836090," C"
"394","394","Ryan Arcidiacono","New York Knicks",1836090," G"
"395","395","T.J. Warren","Brooklyn Nets",1836090," SF"
"396","396","Markieff Morris","Brooklyn Nets",1836090," PF"
"397","397","Nathan Knight","Minnesota Timberwolves",1836090," F"
"398","398","Matt Ryan","Minnesota Timberwolves",1836090," F"
"399","399","Bryn Forbes","Minnesota Timberwolves",1836090," SG"
"400","400","Austin Rivers","Minnesota Timberwolves",1836090," SG"
"401","401","Wesley Matthews","Milwaukee Bucks",1836090," SG"
"402","402","Serge Ibaka","Milwaukee Bucks",1836090," F"
"403","403","Udonis Haslem","Miami Heat",1836090," PF"
"404","404","Juan Toscano-Anderson","Los Angeles Lakers",1836090," SF"
"405","405","Troy Brown Jr.","Los Angeles Lakers",1836090," SF"
"406","406","Thomas Bryant","Los Angeles Lakers",1836090," C"
"407","407","Dennis Schroder","Los Angeles Lakers",1836090," PG"
"408","408","James Johnson","Indiana Pacers",1836090," PF"
"409","409","JaMychal Green","Golden State Warriors",1836090," F"
"410","410","Andre Iguodala","Golden State Warriors",1836090," F"
"411","411","Rodney McGruder","Detroit Pistons",1836090," G"
"412","412","DeAndre Jordan","Denver Nuggets",1836090," C"
"413","413","Theo Pinson","Dallas Mavericks",1836090," G"
"414","414","Facundo Campazzo","Dallas Mavericks",1836090," G"
"415","415","Raul Neto","Cleveland Cavaliers",1836090," PG"
"416","416","Robin Lopez","Cleveland Cavaliers",1836090," C"
"417","417","Goran Dragic","Chicago Bulls",1836090," PG"
"418","418","Justin Jackson","Boston Celtics",1836090," SF"
"419","419","Noah Vonleh","Boston Celtics",1836090," PF"
"420","420","Blake Griffin","Boston Celtics",1836090," PF"
"421","421","Aaron Holiday","Atlanta Hawks",1836090," G"
"422","422","Frank Kaminsky","Atlanta Hawks",1836090," PF"
"423","423","Wes Iwundu","Sacramento Kings",1824003," F"
"424","424","Dwayne Bacon","Los Angeles Lakers",1824003," SG"
"425","425","Max Strus","Miami Heat",1815677," SG"
"426","426","Gabe Vincent","Miami Heat",1815677," PG"
"427","427","Javonte Green","Chicago Bulls",1815677," SF"
"428","428","Juwan Morgan","LA Clippers",1815518," F"
"429","429","Herbert Jones","New Orleans Pelicans",1785000," SF"
"430","430","Nick Richards","Charlotte Hornets",1782621," C"
"431","431","Vernon Carey Jr.","Washington Wizards",1782621," C"
"432","432","Tre Jones","San Antonio Spurs",1782621," PG"
"433","433","Isaiah Roby","San Antonio Spurs",1782621," PF"
"434","434","KZ Okpala","Sacramento Kings",1782621," SF"
"435","435","Paul Reed","Philadelphia 76ers",1782621," SF"
"436","436","Yogi Ferrell","LA Clippers",1782621," PG"
"437","437","Kenyon Martin Jr.","Houston Rockets",1782621," F"
"438","438","Alen Smailagic","Golden State Warriors",1782621," PF"
"439","439","Lamar Stevens","Cleveland Cavaliers",1782621," F"
"440","440","Naji Marshall","New Orleans Pelicans",1782621," SF"
"441","441","Miye Oni","New Orleans Pelicans",1782621," SG"
"442","442","Yuta Watanabe","Brooklyn Nets",1762796," SF"
"443","443","Khyri Thomas","Houston Rockets",1762796," SG"
"444","444","Saben Lee","Philadelphia 76ers",1752638," G"
"445","445","Devin Cannady","Orlando Magic",1752638," G"
"446","446","Luca Vildoza","Milwaukee Bucks",1752638," G"
"447","447","Rayjon Tucker","Milwaukee Bucks",1752638," G"
"448","448","Haywood Highsmith","Miami Heat",1752638," F"
"449","449","Omer Yurtseven","Miami Heat",1752638," C"
"450","450","Malik Fitts","LA Clippers",1752638," F"
"451","451","Paul Watson","Oklahoma City Thunder",1701593," SG"
"452","452","Charlie Brown Jr.","Philadelphia 76ers",1701593," G"
"453","453","DaQuan Jeffries","New York Knicks",1701593," SG"
"454","454","Kelan Martin","New Orleans Pelicans",1701593," SG"
"455","455","Mfiondu Kabengele","Boston Celtics",1701593," C"
"456","456","Sam Dekker","Toronto Raptors",1669178," F"
"457","457","Jarrell Brantley","Utah Jazz",1669178," PF"
"458","458","E'Twaun Moore","Orlando Magic",1669178," G"
"459","459","Solomon Hill","New York Knicks",1669178," SF"
"460","460","Trevor Ariza","Los Angeles Lakers",1669178," SF"
"461","461","Semi Ojeleye","LA Clippers",1669178," PF"
"462","462","Kevin Pangos","Cleveland Cavaliers",1669178," G"
"463","463","Jabari Parker","Boston Celtics",1669178," PF"
"464","464","Enes Freedom","Houston Rockets",1669178," C"
"465","465","Jericho Sims","New York Knicks",1639842," C"
"466","466","Justin Champagnie","Toronto Raptors",1637966," SF"
"467","467","Kessler Edwards","Brooklyn Nets",1637966," SF"
"468","468","Trevelin Queen","Indiana Pacers",1637966," SG"
"469","469","Isaiah Todd","Washington Wizards",1575000," PF"
"470","470","JT Thor","Charlotte Hornets",1563518," F"
"471","471","Jared Butler","Utah Jazz",1563518," SG"
"472","472","Aaron Wiggins","Oklahoma City Thunder",1563518," SG"
"473","473","Charles Bassey","San Antonio Spurs",1563518," C"
"474","474","Greg Brown III","Portland Trail Blazers",1563518," PF"
"475","475","Trendon Watford","Portland Trail Blazers",1563518," PF"
"476","476","Duane Washington Jr.","Phoenix Suns",1563518," PG"
"477","477","Jock Landale","Phoenix Suns",1563518," C"
"478","478","Miles McBride","New York Knicks",1563518," PG"
"479","479","Austin Reaves","Los Angeles Lakers",1563518," SG"
"480","480","Brandon Boston Jr.","LA Clippers",1563518," SG"
"481","481","Jason Preston","LA Clippers",1563518," PG"
"482","482","Terry Taylor","Indiana Pacers",1563518," SF"
"483","483","Daishen Nix","Houston Rockets",1563518," SG"
"484","484","Isaiah Livers","Detroit Pistons",1563518," PF"
"485","485","Marko Simonovic","Chicago Bulls",1563518," C"
"486","486","Ayo Dosunmu","Chicago Bulls",1563518," SG"
"487","487","Jose Alvarado","New Orleans Pelicans",1563518," PG"
"488","488","Sam Hauser","Boston Celtics",1563518," SF"
"489","489","Vit Krejci","Atlanta Hawks",1563518," G"
"490","490","Dalano Banton","Toronto Raptors",1563318," PG"
"491","491","Daniel Oturu","Toronto Raptors",1517981," C"
"492","492","Caleb Homesley","Washington Wizards",1517981," SG"
"493","493","Jahmi'us Ramsey","Sacramento Kings",1517981," SG"
"494","494","Sam Merrill","Sacramento Kings",1517981," SG"
"495","495","Elijah Bryant","Milwaukee Bucks",1517981," SG"
"496","496","Deividas Sirvydis","Indiana Pacers",1517981," F"
"497","497","Mamadi Diakite","Cleveland Cavaliers",1517981," F"
"498","498","Tyus Jones","Memphis Grizzlies",1500000," PG"
"499","499","Christian Koloko","Toronto Raptors",1500000," C"
"500","500","Alize Johnson","San Antonio Spurs",1392896," F"
"501","501","Kemba Walker","Dallas Mavericks",1392896," PG"
"502","502","Stanley Johnson","San Antonio Spurs",1245164," SF"
"503","503","Kennedy Chandler","Memphis Grizzlies",1200000," G"
"504","504","Alfonzo McKinnie","Chicago Bulls",1090007," F"
"505","505","Chima Moneke","Sacramento Kings",1017781," F"
"506","506","Jabari Walker","Portland Trail Blazers",1017781," F"
"507","507","Josh Minott","Minnesota Timberwolves",1017781," F"
"508","508","Max Christie","Los Angeles Lakers",1017781," G"
"509","509","Ryan Rollins","Golden State Warriors",1017781," G"
"510","510","Jaden Hardy","Dallas Mavericks",1017781," G"
"511","511","Tyrese Martin","Atlanta Hawks",1017781," G"
"512","512","Luka Garza","Minnesota Timberwolves",925258," C"
"513","513","Keifer Sykes","Indiana Pacers",558345," G"
"514","514","DeAndre' Bembry","Milwaukee Bucks",518021," SG"
"515","515","Moses Brown","LA Clippers",19186," C"
"516","516","Xavier Sneed","Charlotte Hornets",8558," F"
"517","517","Ish Wainright","Phoenix Suns",5318," F"
