YEAR,ROUND,WSEED,WTEAM,WSCORE,LSEED,LTEAM,LSCORE
2021,6,1,Baylor,86,1,Gonzaga,70
2021,5,1,Gonzaga,93,11,UCLA,90
2021,5,1,Baylor,78,2,Houston,59
2021,4,2,Houston,67,12,Oregon State,61
2021,4,1,Baylor,81,3,Arkansas,72
2021,4,11,UCLA,51,1,Michigan,49
2021,4,1,Gonzaga,85,6,Southern California,66
2021,3,2,Houston,62,11,Syracuse,46
2021,3,12,Oregon State,65,8,Loyola (Ill.),58
2021,3,3,Arkansas,72,15,Oral Roberts,70
2021,3,1,Baylor,62,5,Villanova,51
2021,3,11,UCLA,88,2,Alabama,78
2021,3,1,Michigan,76,4,Florida State,58
2021,3,6,Southern California,82,7,Oregon,68
2021,3,1,Gonzaga,83,5,Creighton,65
2021,2,2,Houston,63,10,Rutgers,60
2021,2,11,Syracuse,75,3,West Virginia,72
2021,2,12,Oregon State,80,4,Oklahoma State,70
2021,2,8,Loyola (Ill.),71,1,Illinois,58
2021,2,15,Oral Roberts,81,7,Florida,78
2021,2,3,Arkansas,68,6,Texas Tech,66
2021,2,5,Villanova,84,13,North Texas,61
2021,2,1,Baylor,76,9,Wisconsin,63
2021,2,2,Alabama,96,10,Maryland,77
2021,2,11,UCLA,67,14,Abilene Christian,47
2021,2,4,Florida State,71,5,Colorado,53
2021,2,1,Michigan,86,8,LSU,78
2021,2,7,Oregon,95,2,Iowa,80
2021,2,6,Southern California,85,3,Kansas,51
2021,2,5,Creighton,72,13,Ohio,58
2021,2,1,Gonzaga,87,8,Oklahoma,71
2021,1,2,Houston,87,15,Cleveland State,56
2021,1,10,Rutgers,60,7,Clemson,56
2021,1,3,West Virginia,84,14,Morehead State,67
2021,1,11,Syracuse,78,6,San Diego State,62
2021,1,4,Oklahoma State,69,13,Liberty,60
2021,1,12,Oregon State,70,5,Tennessee,56
2021,1,8,Loyola (Ill.),71,9,Georgia State,60
2021,1,1,Illinois,78,16,Drexel,49
2021,1,15,Oral Roberts,75,2,Ohio State,72
2021,1,7,Florida,75,10,Virginia Tech,70
2021,1,3,Arkansas,85,14,Colgate,68
2021,1,6,Texas Tech,65,11,Utah State,53
2021,1,13,North Texas,78,4,Purdue,69
2021,1,5,Villanova,73,12,Winthrop,63
2021,1,9,Wisconsin,85,8,North Carolina,62
2021,1,1,Baylor,79,16,Hartford,55
2021,1,2,Alabama,68,15,Iona,55
2021,1,10,Maryland,63,7,Connecticut,54
2021,1,14,Abilene Christian,53,3,Texas,52
2021,1,11,UCLA,73,6,Brigham Young,62
2021,1,4,Florida State,64,13,UNC Greensboro,54
2021,1,5,Colorado,96,12,Georgetown,73
2021,1,8,LSU,76,9,St. Bonaventure,61
2021,1,1,Michigan,82,16,Texas Southern,66
2021,1,2,Iowa,86,15,Grand Canyon,74
2021,1,3,Kansas,93,14,Eastern Washington,84
2021,1,6,Southern California,72,11,Drake,56
2021,1,13,Ohio,62,4,Virginia,58
2021,1,5,Creighton,63,12,UC Santa Barbara,62
2021,1,8,Oklahoma,72,9,Missouri,68
2021,1,1,Gonzaga,98,16,Norfolk State,55
2021,0,16,Norfolk State,54,16,Appalachian State,53
2021,0,11,Drake,53,11,Wichita State,52
2021,0,16,Texas Southern,60,16,Mount St. Mary's,52
2021,0,11,UCLA,86,11,Michigan State,80
2019,6,1,Virginia,85,3,Texas Tech,77
2019,5,3,Texas Tech,61,2,Michigan State,51
2019,5,1,Virginia,63,4,Auburn,62
2019,4,1,Virginia,80,3,Purdue,75
2019,4,3,Texas Tech,75,1,Gonzaga,69
2019,4,2,Michigan State,68,1,Duke,67
2019,4,5,Auburn,77,2,Kentucky,71
2019,3,5,Auburn,97,1,North Carolina,80
2019,3,1,Virginia,53,12,Oregon,49
2019,3,1,Gonzaga,72,4,Florida State,58
2019,3,1,Duke,75,4,Virginia Tech,73
2019,3,3,Purdue,99,2,Tennessee,94
2019,3,2,Kentucky,62,3,Houston,58
2019,3,2,Michigan State,80,3,LSU,63
2019,3,3,Texas Tech,63,2,Michigan,44
2019,2,2,Michigan,64,10,Florida,49
2019,2,1,North Carolina,81,9,Washington,59
2019,2,1,Virginia,63,9,Oklahoma,51
2019,2,1,Gonzaga,83,9,Baylor,71
2019,2,1,Duke,77,9,Central Florida,76
2019,2,4,Virginia Tech,67,12,Liberty,58
2019,2,5,Auburn,89,4,Kansas,75
2019,2,3,Purdue,87,6,Villanova,61
2019,2,2,Kentucky,62,7,Wofford,56
2019,2,2,Tennessee,83,10,Iowa,77
2019,2,3,Houston,74,11,Ohio State,59
2019,2,2,Michigan State,70,10,Minnesota,50
2019,2,13,UC Irvine,73,12,Oregon,54
2019,2,3,LSU,69,6,Maryland,67
2019,2,3,Texas Tech,78,6,Buffalo,58
2019,2,4,Florida State,90,12,Murray St.,62
2019,1,12,Liberty,80,5,Mississippi State,76
2019,1,2,Michigan,74,15,Montana,55
2019,1,2,Kentucky,79,15,Abilene Christian,44
2019,1,1,North Carolina,88,16,Iona,73
2019,1,2,Michigan State,76,15,Bradley,65
2019,1,11,Ohio State,62,6,Iowa State,59
2019,1,1,Virginia,71,16,Gardner-Webb,56
2019,1,4,Florida State,76,13,Vermont,69
2019,1,1,Gonzaga,87,16,Fairleigh Dickinson,49
2019,1,1,Duke,85,16,North Dakota State,62
2019,1,4,Kansas,87,13,Northeastern,53
2019,1,6,Villanova,61,11,St. Mary's (Cal.),57
2019,1,4,Virginia Tech,66,13,St. Louis,52
2019,1,6,Maryland,79,11,Belmont,77
2019,1,13,UC Irvine,70,4,Kansas State,64
2019,1,9,Baylor,78,8,Syracuse,69
2019,1,2,Tennessee,77,15,Colgate,70
2019,1,10,Iowa,79,7,Cincinnati,72
2019,1,5,Auburn,78,12,New Mexico State,77
2019,1,3,Purdue,61,14,Old Dominion,48
2019,1,10,Minnesota,86,7,Louisville,76
2019,1,7,Wofford,84,10,Seton Hall,68
2019,1,9,Oklahoma,95,8,Mississippi,72
2019,1,3,Houston,84,14,Georgia State,55
2019,1,6,Buffalo,91,11,Arizona State,74
2019,1,3,LSU,79,14,Yale,74
2019,1,12,Oregon,72,5,Wisconsin,54
2019,1,3,Texas Tech,72,14,Northern Kentucky,57
2019,1,10,Florida,70,7,Nevada,61
2019,1,12,Murray St.,83,5,Marquette,64
2019,1,9,Washington,78,8,Utah State,61
2019,1,9,Central Florida,73,8,Virginia Commonwealth,58
2019,0,11,Belmont,81,11,Temple,70
2019,0,16,North Dakota State,78,16,North Carolina Central,74
2019,0,11,Arizona State,74,11,St. John's,65
2019,0,16,Fairleigh Dickinson,82,16,Prairie View,76
2018,6,1,Villanova,79,3,Michigan,62
2018,5,1,Villanova,95,1,Kansas,79
2018,5,3,Michigan,69,11,Loyola (Ill.),57
2018,4,3,Michigan,58,9,Florida State,54
2018,4,1,Kansas,85,2,Duke,81
2018,4,1,Villanova,71,3,Texas Tech,59
2018,4,11,Loyola (Ill.),78,9,Kansas State,62
2018,3,3,Michigan,99,7,Texas A&M,72
2018,3,9,Florida State,75,4,Gonzaga,60
2018,3,1,Kansas,80,5,Clemson,76
2018,3,1,Villanova,90,5,West Virginia,78
2018,3,9,Kansas State,61,5,Kentucky,58
2018,3,2,Duke,69,11,Syracuse,65
2018,3,3,Texas Tech,78,2,Purdue,65
2018,3,11,Loyola (Ill.),69,7,Nevada,68
2018,2,5,Kentucky,95,13,Buffalo,75
2018,2,9,Florida State,75,1,Xavier,70
2018,2,1,Kansas,83,8,Seton Hall,79
2018,2,1,Villanova,81,9,Alabama,58
2018,2,11,Syracuse,55,3,Michigan State,53
2018,2,5,Clemson,84,4,Auburn,53
2018,2,7,Texas A&M,86,2,North Carolina,65
2018,2,3,Michigan,64,6,Houston,63
2018,2,7,Nevada,75,2,Cincinnati,73
2018,2,3,Texas Tech,69,6,Florida,66
2018,2,4,Gonzaga,90,5,Ohio State,84
2018,2,2,Duke,87,7,Rhode Island,62
2018,2,9,Kansas State,50,16,Maryland-Baltimore County,43
2018,2,11,Loyola (Ill.),63,3,Tennessee,62
2018,2,5,West Virginia,94,13,Marshall,71
2018,2,2,Purdue,76,10,Butler,73
2018,1,10,Butler,79,7,Arkansas,62
2018,1,5,West Virginia,85,12,Murray St.,68
2018,1,3,Michigan,61,14,Montana,47
2018,1,5,Kentucky,78,12,Davidson,73
2018,1,2,North Carolina,84,15,Lipscomb,66
2018,1,3,Michigan State,82,14,Bucknell,78
2018,1,16,Maryland-Baltimore County,74,1,Virginia,54
2018,1,13,Marshall,81,4,Wichita State,75
2018,1,4,Gonzaga,68,13,UNC Greensboro,64
2018,1,2,Duke,89,15,Iona,67
2018,1,1,Kansas,76,16,Penn,60
2018,1,9,Kansas State,69,8,Creighton,59
2018,1,6,TCU,57,11,Syracuse,52
2018,1,11,Loyola (Ill.),64,6,Miami (Fla.),62
2018,1,13,Buffalo,89,4,Arizona,68
2018,1,1,Villanova,87,16,Radford,61
2018,1,9,Alabama,86,8,Virginia Tech,83
2018,1,5,Clemson,79,12,New Mexico State,68
2018,1,3,Tennessee,73,14,Wright State,47
2018,1,2,Cincinnati,68,15,Georgia State,53
2018,1,4,Auburn,62,13,College of Charleston,58
2018,1,2,Purdue,74,15,Cal State Fullerton,48
2018,1,7,Texas A&M,73,10,Providence,69
2018,1,1,Xavier,102,16,Texas Southern,83
2018,1,6,Houston,67,11,San Diego State,65
2018,1,7,Nevada,87,10,Texas,83
2018,1,9,Florida State,67,8,Missouri,54
2018,1,6,Florida,77,11,St. Bonaventure,62
2018,1,5,Ohio State,81,12,South Dakota State,73
2018,1,3,Texas Tech,70,14,Stephen F. Austin,60
2018,1,8,Seton Hall,94,9,North Carolina State,83
2018,1,7,Rhode Island,83,10,Oklahoma,78
2018,0,11,St. Bonaventure,65,11,UCLA,58
2018,0,16,Radford,71,16,Long Island,61
2018,0,16,Texas Southern,64,16,North Carolina Central,46
2018,0,11,Syracuse,60,11,Arizona State,56
2017,6,1,North Carolina,71,1,Gonzaga,65
2017,5,1,Gonzaga,77,7,South Carolina,73
2017,5,1,North Carolina,77,3,Oregon,76
2017,4,1,North Carolina,75,2,Kentucky,73
2017,4,1,Gonzaga,83,11,Xavier,59
2017,4,3,Oregon,74,1,Kansas,60
2017,4,7,South Carolina,77,4,Florida,70
2017,3,1,North Carolina,92,4,Butler,80
2017,3,2,Kentucky,86,3,UCLA,75
2017,3,1,Gonzaga,61,4,West Virginia,58
2017,3,1,Kansas,98,4,Purdue,66
2017,3,7,South Carolina,70,3,Baylor,50
2017,3,11,Xavier,73,2,Arizona,71
2017,3,3,Oregon,69,7,Michigan,68
2017,3,4,Florida,84,8,Wisconsin,83
2017,2,7,Michigan,73,2,Louisville,69
2017,2,4,West Virginia,83,5,Notre Dame,71
2017,2,1,North Carolina,72,8,Arkansas,65
2017,2,4,Purdue,80,5,Iowa State,76
2017,2,4,Florida,65,5,Virginia,39
2017,2,2,Kentucky,65,10,Wichita State,62
2017,2,1,Gonzaga,79,8,Northwestern,73
2017,2,1,Kansas,90,9,Michigan State,70
2017,2,2,Arizona,69,7,St. Mary's (Cal.),60
2017,2,8,Wisconsin,65,1,Villanova,62
2017,2,7,South Carolina,88,2,Duke,81
2017,2,3,UCLA,79,6,Cincinnati,67
2017,2,11,Xavier,91,3,Florida State,66
2017,2,4,Butler,74,12,Middle Tennessee State,65
2017,2,3,Baylor,82,11,Southern California,78
2017,2,3,Oregon,75,11,Rhode Island,72
2017,1,8,Arkansas,77,9,Seton Hall,71
2017,1,4,West Virginia,86,13,Bucknell,80
2017,1,7,Michigan,92,10,Oklahoma State,91
2017,1,11,Xavier,76,6,Maryland,65
2017,1,5,Notre Dame,60,12,Princeton,58
2017,1,2,Kentucky,79,15,Northern Kentucky,70
2017,1,1,North Carolina,103,16,Texas Southern,64
2017,1,3,UCLA,97,14,Kent State,80
2017,1,5,Iowa State,84,12,Nevada,73
2017,1,5,Virginia,76,12,UNC Wilmington,71
2017,1,3,Florida State,86,14,Florida Gulf Coast,80
2017,1,1,Gonzaga,66,16,South Dakota State,46
2017,1,2,Duke,87,15,Troy,65
2017,1,1,Kansas,100,16,UC Davis,62
2017,1,11,Rhode Island,84,6,Creighton,72
2017,1,9,Michigan State,78,8,Miami (Fla.),58
2017,1,2,Arizona,100,15,North Dakota,82
2017,1,7,St. Mary's (Cal.),85,10,Virginia Commonwealth,77
2017,1,1,Villanova,76,16,Mount St. Mary's,56
2017,1,3,Baylor,91,14,New Mexico State,73
2017,1,2,Louisville,78,15,Jacksonville State,63
2017,1,7,South Carolina,93,10,Marquette,73
2017,1,6,Cincinnati,75,11,Kansas State,61
2017,1,4,Purdue,80,13,Vermont,70
2017,1,3,Oregon,93,14,Iona,77
2017,1,4,Florida,80,13,East Tennessee State,65
2017,1,10,Wichita State,64,7,Dayton,58
2017,1,12,Middle Tennessee State,81,5,Minnesota,72
2017,1,4,Butler,76,13,Winthrop,64
2017,1,8,Wisconsin,84,9,Virginia Tech,74
2017,1,11,Southern California,66,6,Southern Methodist,65
2017,1,8,Northwestern,68,9,Vanderbilt,66
2017,0,11,Kansas State,95,11,Wake Forest,88
2017,0,11,Southern California,75,11,Providence,71
2017,0,16,Mount St. Mary's,67,16,New Orleans,66
2017,0,16,UC Davis,67,16,North Carolina Central,63
2016,6,2,Villanova,77,1,North Carolina,74
2016,5,1,North Carolina,83,10,Syracuse,66
2016,5,2,Villanova,95,2,Oklahoma,51
2016,4,1,North Carolina,88,6,Notre Dame,74
2016,4,10,Syracuse,68,1,Virginia,62
2016,4,2,Villanova,64,1,Kansas,59
2016,4,2,Oklahoma,80,1,Oregon,68
2016,3,6,Notre Dame,61,7,Wisconsin,56
2016,3,1,North Carolina,101,5,Indiana,86
2016,3,1,Virginia,84,4,Iowa State,71
2016,3,10,Syracuse,63,11,Gonzaga,60
2016,3,1,Kansas,79,5,Maryland,63
2016,3,2,Villanova,92,3,Miami (Fla.),69
2016,3,2,Oklahoma,77,3,Texas A&M,63
2016,3,1,Oregon,82,4,Duke,68
2016,2,5,Maryland,73,13,Hawaii,60
2016,2,6,Notre Dame,76,14,Stephen F. Austin,75
2016,2,1,North Carolina,85,9,Providence,66
2016,2,5,Indiana,73,4,Kentucky,67
2016,2,1,Virginia,77,9,Butler,69
2016,2,3,Miami (Fla.),65,11,Wichita State,57
2016,2,11,Gonzaga,82,3,Utah,59
2016,2,1,Kansas,73,9,Connecticut,61
2016,2,2,Villanova,87,7,Iowa,68
2016,2,2,Oklahoma,85,10,Virginia Commonwealth,81
2016,2,10,Syracuse,75,15,Middle Tennessee State,50
2016,2,3,Texas A&M,92,11,Northern Iowa,88
2016,2,7,Wisconsin,66,2,Xavier,63
2016,2,1,Oregon,69,8,St. Joseph's,64
2016,2,4,Duke,71,12,Yale,64
2016,2,4,Iowa State,78,12,Arkansas-Little Rock,61
2016,1,14,Stephen F. Austin,70,3,West Virginia,56
2016,1,5,Maryland,79,12,South Dakota State,74
2016,1,6,Notre Dame,70,11,Michigan,63
2016,1,4,Kentucky,85,13,Stony Brook,57
2016,1,1,North Carolina,83,16,Florida Gulf Coast,67
2016,1,15,Middle Tennessee State,90,2,Michigan State,81
2016,1,5,Indiana,99,12,Chattanooga,74
2016,1,4,Iowa State,94,13,Iona,81
2016,1,1,Virginia,81,16,Hampton,45
2016,1,10,Virginia Commonwealth,75,7,Oregon State,67
2016,1,11,Northern Iowa,75,6,Texas,72
2016,1,4,Duke,93,13,UNC Wilmington,85
2016,1,1,Kansas,105,16,Austin Peay,79
2016,1,7,Wisconsin,47,10,Pittsburgh,43
2016,1,3,Miami (Fla.),79,14,Buffalo,72
2016,1,11,Wichita State,65,6,Arizona,55
2016,1,2,Villanova,86,15,UNC Asheville,56
2016,1,2,Oklahoma,82,15,Cal State Bakersfield,68
2016,1,9,Connecticut,74,8,Colorado,67
2016,1,12,Arkansas-Little Rock,85,5,Purdue,83
2016,1,3,Texas A&M,92,14,Green Bay,65
2016,1,2,Xavier,71,15,Weber State,53
2016,1,9,Butler,71,8,Texas Tech,61
2016,1,7,Iowa,72,10,Temple,70
2016,1,1,Oregon,91,16,Holy Cross,52
2016,1,8,St. Joseph's,78,9,Cincinnati,76
2016,1,3,Utah,80,14,Fresno State,69
2016,1,13,Hawaii,77,4,UC Berkeley,66
2016,1,9,Providence,70,8,Southern California,69
2016,1,10,Syracuse,70,7,Dayton,51
2016,1,12,Yale,79,5,Baylor,75
2016,1,11,Gonzaga,68,6,Seton Hall,52
2016,0,11,Wichita State,70,11,Vanderbilt,50
2016,0,11,Michigan,67,11,Tulsa,62
2016,0,16,Holy Cross,59,16,Southern,55
2016,0,16,Florida Gulf Coast,96,16,Fairleigh Dickinson,65
2015,6,1,Duke,68,1,Wisconsin,63
2015,5,1,Wisconsin,71,1,Kentucky,64
2015,5,1,Duke,81,7,Michigan State,61
2015,4,1,Wisconsin,85,2,Arizona,78
2015,4,1,Kentucky,68,3,Notre Dame,66
2015,4,7,Michigan State,76,4,Louisville,70
2015,4,1,Duke,66,2,Gonzaga,52
2015,3,1,Wisconsin,79,4,North Carolina,72
2015,3,3,Notre Dame,81,7,Wichita State,70
2015,3,1,Kentucky,78,5,West Virginia,39
2015,3,2,Gonzaga,74,11,UCLA,62
2015,3,1,Duke,63,5,Utah,57
2015,3,7,Michigan State,62,3,Oklahoma,58
2015,3,4,Louisville,75,8,North Carolina State,65
2015,3,2,Arizona,68,6,Xavier,60
2015,2,4,North Carolina,87,5,Arkansas,78
2015,2,1,Wisconsin,72,8,Oregon,65
2015,2,5,West Virginia,69,4,Maryland,59
2015,2,1,Kentucky,64,8,Cincinnati,51
2015,2,7,Michigan State,60,2,Virginia,54
2015,2,11,UCLA,92,14,Alabama-Birmingham,75
2015,2,7,Wichita State,78,2,Kansas,65
2015,2,2,Arizona,73,10,Ohio State,58
2015,2,1,Duke,68,8,San Diego State,49
2015,2,8,North Carolina State,71,1,Villanova,68
2015,2,4,Louisville,66,5,Northern Iowa,53
2015,2,6,Xavier,75,14,Georgia State,67
2015,2,2,Gonzaga,87,7,Iowa,68
2015,2,5,Utah,75,4,Georgetown,64
2015,2,3,Oklahoma,72,11,Dayton,66
2015,2,3,Notre Dame,67,6,Butler,64
2015,1,5,Arkansas,56,12,Wofford,53
2015,1,1,Wisconsin,86,16,Coastal Carolina,72
2015,1,4,Maryland,65,13,Valparaiso,62
2015,1,3,Notre Dame,69,14,Northeastern,65
2015,1,1,Kentucky,79,16,Hampton,56
2015,1,4,North Carolina,67,13,Harvard,65
2015,1,7,Michigan State,70,10,Georgia,63
2015,1,2,Virginia,79,15,Belmont,67
2015,1,7,Wichita State,81,10,Indiana,76
2015,1,8,San Diego State,76,9,St. John's,64
2015,1,10,Ohio State,75,7,Virginia Commonwealth,72
2015,1,2,Gonzaga,86,15,North Dakota State,76
2015,1,1,Duke,85,16,Robert Morris,56
2015,1,2,Kansas,75,15,New Mexico State,56
2015,1,2,Arizona,93,15,Texas Southern,72
2015,1,1,Villanova,93,16,Lafayette,52
2015,1,3,Oklahoma,69,14,Albany (N.Y.),60
2015,1,14,Georgia State,57,3,Baylor,56
2015,1,8,North Carolina State,66,9,LSU,65
2015,1,14,Alabama-Birmingham,60,3,Iowa State,59
2015,1,4,Louisville,57,13,UC Irvine,55
2015,1,8,Cincinnati,66,9,Purdue,65
2015,1,4,Georgetown,84,13,Eastern Washington,74
2015,1,5,Northern Iowa,71,12,Wyoming,54
2015,1,6,Xavier,76,11,Mississippi,57
2015,1,7,Iowa,83,10,Davidson,52
2015,1,11,UCLA,60,6,Southern Methodist,59
2015,1,8,Oregon,79,9,Oklahoma State,73
2015,1,5,Utah,57,12,Stephen F. Austin,50
2015,1,11,Dayton,66,6,Providence,53
2015,1,5,West Virginia,68,12,Buffalo,62
2015,1,6,Butler,56,11,Texas,48
2015,0,11,Mississippi,94,11,Brigham Young,90
2015,0,11,Dayton,56,11,Boise State,55
2015,0,16,Hampton,74,16,Manhattan,64
2015,0,16,Robert Morris,81,16,North Florida,77
2014,6,7,Connecticut,60,8,Kentucky,54
2014,5,8,Kentucky,74,2,Wisconsin,73
2014,5,7,Connecticut,63,1,Florida,53
2014,4,8,Kentucky,75,2,Michigan,72
2014,4,7,Connecticut,60,4,Michigan State,54
2014,4,1,Florida,62,11,Dayton,52
2014,4,2,Wisconsin,64,1,Arizona,63
2014,3,8,Kentucky,74,4,Louisville,69
2014,3,1,Florida,79,4,UCLA,68
2014,3,4,Michigan State,61,1,Virginia,59
2014,3,1,Arizona,70,4,San Diego State,64
2014,3,2,Wisconsin,69,6,Baylor,52
2014,3,7,Connecticut,81,3,Iowa State,76
2014,3,2,Michigan,73,11,Tennessee,71
2014,3,11,Dayton,82,10,Stanford,72
2014,2,4,Michigan State,80,12,Harvard,73
2014,2,3,Iowa State,85,6,North Carolina,83
2014,2,1,Florida,61,9,Pittsburgh,45
2014,2,1,Virginia,78,8,Memphis,60
2014,2,8,Kentucky,78,1,Wichita State,76
2014,2,1,Arizona,84,8,Gonzaga,61
2014,2,6,Baylor,85,3,Creighton,55
2014,2,2,Michigan,79,7,Texas,65
2014,2,4,Louisville,66,5,St. Louis,51
2014,2,2,Wisconsin,85,7,Oregon,77
2014,2,4,San Diego State,63,12,North Dakota State,44
2014,2,11,Tennessee,83,14,Mercer,63
2014,2,7,Connecticut,77,2,Villanova,65
2014,2,11,Dayton,55,3,Syracuse,53
2014,2,10,Stanford,60,2,Kansas,57
2014,2,4,UCLA,77,12,Stephen F. Austin,60
2014,1,2,Wisconsin,75,15,American,35
2014,1,2,Michigan,57,15,Wofford,40
2014,1,8,Memphis,71,9,George Washington,66
2014,1,8,Kentucky,56,9,Kansas State,49
2014,1,6,North Carolina,79,11,Providence,77
2014,1,4,Michigan State,93,13,Delaware,78
2014,1,4,UCLA,76,13,Tulsa,59
2014,1,1,Florida,67,16,Albany (N.Y.),55
2014,1,1,Virginia,70,16,Coastal Carolina,59
2014,1,1,Wichita State,64,16,Cal-Poly,37
2014,1,4,San Diego State,73,13,New Mexico State,69
2014,1,11,Dayton,60,6,Ohio State,59
2014,1,12,Stephen F. Austin,77,5,Virginia Commonwealth,75
2014,1,8,Gonzaga,85,9,Oklahoma State,77
2014,1,14,Mercer,78,3,Duke,71
2014,1,2,Kansas,80,15,Eastern Kentucky,69
2014,1,3,Creighton,76,14,Louisiana-Lafayette,66
2014,1,1,Arizona,68,16,Weber State,59
2014,1,2,Villanova,73,15,Milwaukee,53
2014,1,12,North Dakota State,80,5,Oklahoma,75
2014,1,6,Baylor,74,11,Nebraska,60
2014,1,3,Syracuse,77,14,Western Michigan,53
2014,1,3,Iowa State,93,14,North Carolina Central,75
2014,1,4,Louisville,71,13,Manhattan,64
2014,1,9,Pittsburgh,77,8,Colorado,48
2014,1,7,Texas,87,10,Arizona State,85
2014,1,12,Harvard,61,5,Cincinnati,57
2014,1,5,St. Louis,83,12,North Carolina State,80
2014,1,7,Oregon,87,10,Brigham Young,68
2014,1,11,Tennessee,86,6,Massachusetts,67
2014,1,7,Connecticut,89,10,St. Joseph's,81
2014,1,10,Stanford,58,7,New Mexico,53
2014,0,12,North Carolina State,74,12,Xavier,59
2014,0,11,Tennessee,78,11,Iowa,65
2014,0,16,Albany (N.Y.),71,16,Mount St. Mary's,64
2014,0,16,Cal-Poly,81,16,Texas Southern,69
2013,6,1,Louisville,82,4,Michigan,76
2013,5,4,Michigan,61,4,Syracuse,56
2013,5,1,Louisville,72,9,Wichita State,68
2013,4,4,Michigan,79,3,Florida,59
2013,4,9,Wichita State,70,2,Ohio State,66
2013,4,4,Syracuse,55,3,Marquette,39
2013,4,1,Louisville,85,2,Duke,63
2013,3,2,Duke,71,3,Michigan State,61
2013,3,4,Syracuse,61,1,Indiana,50
2013,3,3,Florida,62,15,Florida Gulf Coast,50
2013,3,9,Wichita State,72,13,La Salle,58
2013,3,4,Michigan,87,1,Kansas,85
2013,3,2,Ohio State,73,6,Arizona,70
2013,3,3,Marquette,71,2,Miami (Fla.),61
2013,3,1,Louisville,77,12,Oregon,69
2013,2,4,Syracuse,66,12,UC Berkeley,60
2013,2,3,Marquette,74,6,Butler,72
2013,2,3,Michigan State,70,6,Memphis,48
2013,2,1,Indiana,58,9,Temple,52
2013,2,15,Florida Gulf Coast,81,7,San Diego State,71
2013,2,4,Michigan,78,5,Virginia Commonwealth,53
2013,2,9,Wichita State,76,1,Gonzaga,70
2013,2,1,Kansas,70,8,North Carolina,58
2013,2,2,Duke,66,7,Creighton,50
2013,2,6,Arizona,74,14,Harvard,51
2013,2,2,Ohio State,78,10,Iowa State,75
2013,2,1,Louisville,82,8,Colorado State,56
2013,2,2,Miami (Fla.),63,7,Illinois,59
2013,2,3,Florida,78,11,Minnesota,64
2013,2,12,Oregon,74,4,St. Louis,57
2013,2,13,La Salle,76,12,Mississippi,74
2013,1,11,Minnesota,83,6,UCLA,63
2013,1,8,Colorado State,84,9,Missouri,72
2013,1,12,Mississippi,57,5,Wisconsin,46
2013,1,4,Michigan,71,13,South Dakota State,56
2013,1,6,Butler,68,11,Bucknell,56
2013,1,6,Memphis,54,11,St. Mary's (Cal.),52
2013,1,10,Iowa State,76,7,Notre Dame,58
2013,1,8,North Carolina,78,9,Villanova,71
2013,1,3,Michigan State,65,14,Valparaiso,54
2013,1,1,Indiana,83,16,James Madison,62
2013,1,14,Harvard,68,3,New Mexico,62
2013,1,3,Florida,79,14,Northwestern State,47
2013,1,7,San Diego State,70,10,Oklahoma,55
2013,1,2,Ohio State,95,15,Iona,70
2013,1,5,Virginia Commonwealth,88,12,Akron,42
2013,1,1,Gonzaga,64,16,Southern,58
2013,1,2,Duke,73,15,Albany (N.Y.),61
2013,1,1,Kansas,64,16,Western Kentucky,57
2013,1,7,Creighton,67,10,Cincinnati,63
2013,1,9,Wichita State,73,8,Pittsburgh,55
2013,1,2,Miami (Fla.),78,15,Pacific,49
2013,1,6,Arizona,81,11,Belmont,64
2013,1,9,Temple,76,8,North Carolina State,72
2013,1,3,Marquette,59,14,Davidson,58
2013,1,13,La Salle,63,4,Kansas State,61
2013,1,4,Syracuse,81,13,Montana,34
2013,1,1,Louisville,79,16,North Carolina A&T,48
2013,1,7,Illinois,57,10,Colorado,49
2013,1,15,Florida Gulf Coast,78,2,Georgetown,68
2013,1,12,Oregon,68,5,Oklahoma State,55
2013,1,4,St. Louis,64,13,New Mexico State,44
2013,1,12,UC Berkeley,64,5,UNLV,61
2013,0,16,North Carolina A&T,73,16,Liberty,72
2013,0,11,St. Mary's (Cal.),67,11,Middle Tennessee State,54
2013,0,16,James Madison,68,16,Long Island,55
2013,0,13,La Salle,80,13,Boise State,71
2012,6,1,Kentucky,67,2,Kansas,59
2012,5,1,Kentucky,69,4,Louisville,61
2012,5,2,Kansas,64,2,Ohio State,62
2012,4,1,Kentucky,82,3,Baylor,70
2012,4,2,Kansas,80,1,North Carolina,67
2012,4,2,Ohio State,77,1,Syracuse,70
2012,4,4,Louisville,72,7,Florida,68
2012,3,1,Kentucky,102,4,Indiana,90
2012,3,1,North Carolina,73,13,Ohio,65
2012,3,4,Louisville,57,1,Michigan State,44
2012,3,3,Baylor,75,10,Xavier,70
2012,3,2,Kansas,60,11,North Carolina State,57
2012,3,7,Florida,68,3,Marquette,58
2012,3,1,Syracuse,64,4,Wisconsin,63
2012,3,2,Ohio State,81,6,Cincinnati,66
2012,2,4,Wisconsin,60,5,Vanderbilt,57
2012,2,1,Kentucky,87,8,Iowa State,71
2012,2,1,North Carolina,87,8,Creighton,73
2012,2,1,Michigan State,65,9,St. Louis,61
2012,2,4,Louisville,59,5,New Mexico,56
2012,2,3,Marquette,62,6,Murray St.,53
2012,2,7,Florida,84,15,Norfolk State,50
2012,2,4,Indiana,63,12,Virginia Commonwealth,61
2012,2,2,Ohio State,73,7,Gonzaga,66
2012,2,11,North Carolina State,66,3,Georgetown,63
2012,2,13,Ohio,62,12,South Florida,56
2012,2,1,Syracuse,75,8,Kansas State,59
2012,2,3,Baylor,80,11,Colorado,63
2012,2,6,Cincinnati,62,3,Florida State,56
2012,2,2,Kansas,63,10,Purdue,60
2012,2,10,Xavier,70,15,Lehigh,58
2012,1,5,Vanderbilt,79,12,Harvard,70
2012,1,4,Wisconsin,73,13,Montana,49
2012,1,13,Ohio,65,4,Michigan,60
2012,1,9,St. Louis,61,8,Memphis,54
2012,1,10,Xavier,67,7,Notre Dame,63
2012,1,1,Kentucky,81,16,Western Kentucky,66
2012,1,1,North Carolina,77,16,Vermont,58
2012,1,1,Michigan State,89,16,Long Island,67
2012,1,11,Colorado,68,6,UNLV,64
2012,1,4,Indiana,79,13,New Mexico State,66
2012,1,5,New Mexico,75,12,Long Beach State,68
2012,1,6,Murray St.,58,11,Colorado State,41
2012,1,7,Florida,71,10,Virginia,45
2012,1,12,Virginia Commonwealth,62,5,Wichita State,59
2012,1,11,North Carolina State,79,6,San Diego State,65
2012,1,12,South Florida,58,5,Temple,44
2012,1,2,Ohio State,78,15,Loyola (Md.),59
2012,1,3,Florida State,66,14,St. Bonaventure,63
2012,1,7,Gonzaga,77,10,West Virginia,54
2012,1,15,Lehigh,75,2,Duke,70
2012,1,2,Kansas,65,15,Detroit,50
2012,1,8,Creighton,58,9,Alabama,57
2012,1,10,Purdue,72,7,St. Mary's (Cal.),69
2012,1,3,Baylor,68,14,South Dakota State,60
2012,1,3,Marquette,88,14,Brigham Young,68
2012,1,1,Syracuse,72,16,UNC Asheville,65
2012,1,8,Iowa State,77,9,Connecticut,64
2012,1,4,Louisville,69,13,Davidson,62
2012,1,8,Kansas State,70,9,Southern Mississippi,64
2012,1,15,Norfolk State,86,2,Missouri,84
2012,1,6,Cincinnati,65,11,Texas,59
2012,1,3,Georgetown,74,14,Belmont,59
2012,0,12,South Florida,65,12,UC Berkeley,54
2012,0,14,Brigham Young,78,14,Iona,72
2012,0,16,Vermont,71,16,Lamar,59
2012,0,16,Western Kentucky,59,16,Mississippi Valley State,58
2011,6,3,Connecticut,53,8,Butler,41
2011,5,3,Connecticut,56,4,Kentucky,55
2011,5,8,Butler,70,11,Virginia Commonwealth,62
2011,4,8,Butler,74,2,Florida,71
2011,4,4,Kentucky,76,2,North Carolina,69
2011,4,11,Virginia Commonwealth,71,1,Kansas,61
2011,4,3,Connecticut,65,5,Arizona,63
2011,3,8,Butler,61,4,Wisconsin,54
2011,3,3,Connecticut,74,2,San Diego State,67
2011,3,4,Kentucky,62,1,Ohio State,60
2011,3,11,Virginia Commonwealth,72,10,Florida State,71
2011,3,5,Arizona,93,1,Duke,77
2011,3,2,Florida,83,3,Brigham Young,74
2011,3,1,Kansas,77,12,Richmond,57
2011,3,2,North Carolina,81,11,Marquette,63
2011,2,2,Florida,73,7,UCLA,65
2011,2,4,Kentucky,71,5,West Virginia,63
2011,2,2,San Diego State,71,7,Temple,64
2011,2,1,Ohio State,98,8,George Mason,66
2011,2,10,Florida State,71,2,Notre Dame,57
2011,2,11,Virginia Commonwealth,94,3,Purdue,76
2011,2,3,Brigham Young,89,11,Gonzaga,67
2011,2,1,Duke,73,8,Michigan,71
2011,2,1,Kansas,73,9,Illinois,59
2011,2,8,Butler,71,1,Pittsburgh,70
2011,2,5,Arizona,70,4,Texas,69
2011,2,11,Marquette,66,3,Syracuse,62
2011,2,4,Wisconsin,70,5,Kansas State,65
2011,2,12,Richmond,65,13,Morehead State,48
2011,2,3,Connecticut,69,6,Cincinnati,58
2011,2,2,North Carolina,86,7,Washington,83
2011,1,7,UCLA,78,10,Michigan State,76
2011,1,12,Richmond,69,5,Vanderbilt,66
2011,1,4,Wisconsin,72,13,Belmont,58
2011,1,5,West Virginia,84,12,Clemson,76
2011,1,8,Michigan,75,9,Tennessee,45
2011,1,8,Butler,60,9,Old Dominion,58
2011,1,10,Florida State,57,7,Texas A&M,50
2011,1,3,Connecticut,81,14,Bucknell,52
2011,1,2,Notre Dame,69,15,Akron,56
2011,1,4,Kentucky,59,13,Princeton,57
2011,1,2,North Carolina,102,15,Long Island,87
2011,1,2,Florida,79,15,UC Santa Barbara,51
2011,1,2,San Diego State,68,15,Northern Colorado,50
2011,1,7,Temple,66,10,Penn State,64
2011,1,1,Ohio State,75,16,Texas-San Antonio,46
2011,1,1,Duke,87,16,Hampton,45
2011,1,3,Brigham Young,74,14,Wofford,66
2011,1,1,Kansas,72,16,Boston University,53
2011,1,1,Pittsburgh,74,16,UNC Asheville,51
2011,1,8,George Mason,61,9,Villanova,57
2011,1,5,Arizona,77,12,Memphis,75
2011,1,9,Illinois,73,8,UNLV,62
2011,1,3,Syracuse,77,14,Indiana State,60
2011,1,13,Morehead State,62,4,Louisville,61
2011,1,5,Kansas State,73,12,Utah State,68
2011,1,4,Texas,85,13,Oakland,81
2011,1,6,Cincinnati,78,11,Missouri,63
2011,1,11,Virginia Commonwealth,74,6,Georgetown,56
2011,1,3,Purdue,65,14,St. Peter's,43
2011,1,11,Marquette,66,6,Xavier,55
2011,1,7,Washington,68,10,Georgia,65
2011,1,11,Gonzaga,86,6,St. John's,71
2011,0,16,UNC Asheville,81,16,Arkansas-Little Rock,77
2011,0,12,Clemson,70,12,Alabama-Birmingham,52
2011,0,11,Virginia Commonwealth,59,11,Southern California,46
2011,0,16,Texas-San Antonio,70,16,Alabama State,61
2010,6,1,Duke,61,5,Butler,59
2010,5,1,Duke,78,2,West Virginia,57
2010,5,5,Butler,52,5,Michigan State,50
2010,4,5,Butler,63,2,Kansas State,56
2010,4,2,West Virginia,73,1,Kentucky,66
2010,4,5,Michigan State,70,6,Tennessee,69
2010,4,1,Duke,78,3,Baylor,71
2010,3,1,Kentucky,62,12,Cornell,45
2010,3,1,Duke,70,4,Purdue,57
2010,3,3,Baylor,72,10,St. Mary's (Cal.),49
2010,3,5,Butler,63,1,Syracuse,59
2010,3,6,Tennessee,76,2,Ohio State,73
2010,3,5,Michigan State,59,9,Northern Iowa,52
2010,3,2,Kansas State,101,6,Xavier,96
2010,3,2,West Virginia,69,11,Washington,56
2010,2,2,West Virginia,68,10,Missouri,59
2010,2,5,Butler,54,13,Murray St.,52
2010,2,4,Purdue,63,5,Texas A&M,61
2010,2,1,Kentucky,90,9,Wake Forest,60
2010,2,5,Michigan State,85,4,Maryland,83
2010,2,1,Duke,68,8,UC Berkeley,53
2010,2,2,Kansas State,84,7,Brigham Young,72
2010,2,9,Northern Iowa,69,1,Kansas,67
2010,2,12,Cornell,87,4,Wisconsin,69
2010,2,10,St. Mary's (Cal.),75,2,Villanova,68
2010,2,1,Syracuse,87,8,Gonzaga,65
2010,2,3,Baylor,76,11,Old Dominion,68
2010,2,6,Tennessee,83,14,Ohio,68
2010,2,2,Ohio State,75,10,Georgia Tech,66
2010,2,6,Xavier,71,3,Pittsburgh,68
2010,2,11,Washington,82,3,New Mexico,64
2010,1,13,Murray St.,66,4,Vanderbilt,65
2010,1,4,Wisconsin,53,13,Wofford,49
2010,1,2,West Virginia,77,15,Morgan State,50
2010,1,8,UC Berkeley,77,9,Louisville,62
2010,1,5,Butler,77,12,UTEP,59
2010,1,5,Texas A&M,69,12,Utah State,53
2010,1,11,Old Dominion,51,6,Notre Dame,50
2010,1,1,Kentucky,100,16,East Tennessee State,71
2010,1,5,Michigan State,70,12,New Mexico State,67
2010,1,3,New Mexico,62,14,Montana,57
2010,1,12,Cornell,78,5,Temple,65
2010,1,2,Ohio State,68,15,UC Santa Barbara,51
2010,1,8,Gonzaga,67,9,Florida State,60
2010,1,1,Duke,73,16,Arkansas-Pine Bluff,44
2010,1,7,Brigham Young,99,10,Florida,92
2010,1,1,Kansas,90,16,Lehigh,74
2010,1,3,Pittsburgh,89,14,Oakland,66
2010,1,2,Villanova,73,15,Robert Morris,70
2010,1,9,Northern Iowa,69,8,UNLV,66
2010,1,3,Baylor,68,14,Sam Houston State,59
2010,1,11,Washington,80,6,Marquette,78
2010,1,1,Syracuse,79,16,Vermont,56
2010,1,2,Kansas State,82,15,North Texas,62
2010,1,10,St. Mary's (Cal.),80,7,Richmond,71
2010,1,9,Wake Forest,81,8,Texas,80
2010,1,14,Ohio,97,3,Georgetown,83
2010,1,6,Tennessee,62,11,San Diego State,59
2010,1,4,Purdue,72,13,Siena,64
2010,1,4,Maryland,89,13,Houston,77
2010,1,10,Georgia Tech,64,7,Oklahoma State,59
2010,1,6,Xavier,65,11,Minnesota,54
2010,1,10,Missouri,86,7,Clemson,78
2010,0,16,Arkansas-Pine Bluff,61,16,Winthrop,44
2009,6,1,North Carolina,89,2,Michigan State,72
2009,5,2,Michigan State,82,1,Connecticut,73
2009,5,1,North Carolina,83,3,Villanova,69
2009,4,1,Connecticut,82,3,Missouri,75
2009,4,1,North Carolina,72,2,Oklahoma,60
2009,4,3,Villanova,78,1,Pittsburgh,76
2009,4,2,Michigan State,64,1,Louisville,52
2009,3,3,Missouri,102,2,Memphis,91
2009,3,1,Connecticut,72,5,Purdue,60
2009,3,1,North Carolina,98,4,Gonzaga,77
2009,3,2,Michigan State,67,3,Kansas,62
2009,3,1,Pittsburgh,60,4,Xavier,55
2009,3,3,Villanova,77,2,Duke,54
2009,3,2,Oklahoma,84,3,Syracuse,71
2009,3,1,Louisville,103,12,Arizona,64
2009,2,3,Villanova,89,6,UCLA,69
2009,2,4,Xavier,60,12,Wisconsin,49
2009,2,2,Oklahoma,73,10,Michigan,63
2009,2,1,Connecticut,92,9,Texas A&M,66
2009,2,1,North Carolina,84,8,LSU,70
2009,2,1,Pittsburgh,84,8,Oklahoma State,76
2009,2,3,Missouri,83,6,Marquette,79
2009,2,1,Louisville,79,9,Siena,62
2009,2,2,Duke,74,7,Texas,69
2009,2,5,Purdue,76,4,Washington,74
2009,2,2,Memphis,89,10,Maryland,70
2009,2,2,Michigan State,74,10,Southern California,69
2009,2,3,Syracuse,78,6,Arizona State,67
2009,2,12,Arizona,71,13,Cleveland State,57
2009,2,3,Kansas,60,11,Dayton,43
2009,2,4,Gonzaga,83,12,Western Kentucky,81
2009,1,6,UCLA,65,11,Virginia Commonwealth,64
2009,1,3,Missouri,78,14,Cornell,59
2009,1,11,Dayton,68,6,West Virginia,60
2009,1,10,Maryland,84,7,UC Berkeley,71
2009,1,1,Connecticut,103,16,Chattanooga,47
2009,1,2,Memphis,81,15,Cal State Northridge,70
2009,1,1,North Carolina,101,16,Radford,58
2009,1,2,Michigan State,77,15,Robert Morris,62
2009,1,9,Siena,74,8,Ohio State,72
2009,1,12,Wisconsin,61,5,Florida State,59
2009,1,4,Gonzaga,77,13,Akron,64
2009,1,2,Duke,86,15,Binghamton,62
2009,1,9,Texas A&M,79,8,Brigham Young,66
2009,1,3,Kansas,84,14,North Dakota State,74
2009,1,1,Pittsburgh,72,16,East Tennessee State,62
2009,1,4,Xavier,77,13,Portland State,59
2009,1,3,Villanova,80,14,American,67
2009,1,6,Marquette,58,11,Utah State,57
2009,1,12,Western Kentucky,76,5,Illinois,72
2009,1,3,Syracuse,59,14,Stephen F. Austin,44
2009,1,1,Louisville,74,16,Morehead State,54
2009,1,7,Texas,76,10,Minnesota,62
2009,1,5,Purdue,61,12,Northern Iowa,56
2009,1,8,Oklahoma State,77,9,Tennessee,75
2009,1,13,Cleveland State,84,4,Wake Forest,69
2009,1,4,Washington,71,13,Mississippi State,58
2009,1,10,Michigan,62,7,Clemson,59
2009,1,12,Arizona,84,5,Utah,71
2009,1,10,Southern California,72,7,Boston College,55
2009,1,2,Oklahoma,82,15,Morgan State,54
2009,1,6,Arizona State,66,11,Temple,57
2009,1,8,LSU,75,9,Butler,71
2009,0,16,Morehead State,58,16,Alabama State,43
2008,6,1,Kansas,75,1,Memphis,68
2008,5,1,Memphis,78,1,UCLA,63
2008,5,1,Kansas,84,1,North Carolina,66
2008,4,1,UCLA,76,3,Xavier,57
2008,4,1,Memphis,85,2,Texas,67
2008,4,1,North Carolina,83,3,Louisville,73
2008,4,1,Kansas,59,10,Davidson,57
2008,3,1,UCLA,88,12,Western Kentucky,78
2008,3,10,Davidson,73,3,Wisconsin,56
2008,3,1,Memphis,92,5,Michigan State,74
2008,3,1,North Carolina,68,4,Washington State,47
2008,3,1,Kansas,72,12,Villanova,57
2008,3,3,Xavier,79,7,West Virginia,75
2008,3,3,Louisville,79,2,Tennessee,60
2008,3,2,Texas,82,3,Stanford,62
2008,2,1,UCLA,51,9,Texas A&M,49
2008,2,7,West Virginia,73,2,Duke,67
2008,2,2,Tennessee,76,7,Butler,71
2008,2,4,Washington State,61,5,Notre Dame,41
2008,2,1,Memphis,77,8,Mississippi State,74
2008,2,1,North Carolina,108,9,Arkansas,77
2008,2,5,Michigan State,65,4,Pittsburgh,54
2008,2,3,Stanford,82,6,Marquette,81
2008,2,1,Kansas,75,8,UNLV,56
2008,2,10,Davidson,74,2,Georgetown,70
2008,2,12,Villanova,84,13,Siena,72
2008,2,3,Wisconsin,72,11,Kansas State,55
2008,2,2,Texas,75,7,Miami (Fla.),72
2008,2,3,Xavier,85,6,Purdue,78
2008,2,3,Louisville,78,6,Oklahoma,48
2008,2,12,Western Kentucky,72,13,San Diego,63
2008,1,1,UCLA,70,16,Mississippi Valley State,29
2008,1,13,Siena,83,4,Vanderbilt,62
2008,1,3,Wisconsin,71,14,Cal State Fullerton,56
2008,1,7,West Virginia,75,10,Arizona,65
2008,1,7,Butler,81,10,South Alabama,61
2008,1,13,San Diego,70,4,Connecticut,69
2008,1,5,Notre Dame,68,12,George Mason,50
2008,1,1,Memphis,87,16,Texas-Arlington,63
2008,1,1,North Carolina,113,16,Mount St. Mary's,74
2008,1,5,Michigan State,72,12,Temple,61
2008,1,6,Marquette,74,11,Kentucky,66
2008,1,4,Washington State,71,13,Winthrop,40
2008,1,10,Davidson,82,7,Gonzaga,76
2008,1,2,Duke,71,15,Belmont,70
2008,1,9,Texas A&M,67,8,Brigham Young,62
2008,1,1,Kansas,85,16,Portland State,61
2008,1,4,Pittsburgh,82,13,Oral Roberts,63
2008,1,3,Xavier,73,14,Georgia,61
2008,1,8,UNLV,71,9,Kent State,58
2008,1,3,Louisville,79,14,Boise State,61
2008,1,7,Miami (Fla.),78,10,St. Mary's (Cal.),64
2008,1,2,Texas,74,15,Austin Peay,54
2008,1,2,Georgetown,66,15,Maryland-Baltimore County,47
2008,1,2,Tennessee,72,15,American,57
2008,1,6,Purdue,90,11,Baylor,79
2008,1,12,Villanova,75,5,Clemson,69
2008,1,11,Kansas State,80,6,Southern California,67
2008,1,6,Oklahoma,72,11,St. Joseph's,64
2008,1,8,Mississippi State,76,9,Oregon,69
2008,1,3,Stanford,77,14,Cornell,53
2008,1,9,Arkansas,86,8,Indiana,72
2008,1,12,Western Kentucky,101,5,Drake,99
2008,0,16,Mount St. Mary's,69,16,Coppin State,60
2007,6,1,Florida,84,1,Ohio State,75
2007,5,1,Florida,76,2,UCLA,66
2007,5,1,Ohio State,67,2,Georgetown,60
2007,4,2,Georgetown,96,1,North Carolina,84
2007,4,1,Florida,85,3,Oregon,77
2007,4,1,Ohio State,92,2,Memphis,76
2007,4,2,UCLA,68,1,Kansas,55
2007,3,2,Georgetown,66,6,Vanderbilt,65
2007,3,1,North Carolina,74,5,Southern California,64
2007,3,1,Florida,65,5,Butler,57
2007,3,1,Ohio State,85,5,Tennessee,84
2007,3,1,Kansas,61,4,Southern Illinois,58
2007,3,2,UCLA,64,3,Pittsburgh,55
2007,3,3,Oregon,76,7,UNLV,72
2007,3,2,Memphis,65,3,Texas A&M,64
2007,2,6,Vanderbilt,78,3,Washington State,74
2007,2,3,Pittsburgh,84,11,Virginia Commonwealth,79
2007,2,1,North Carolina,81,9,Michigan State,67
2007,2,1,Florida,74,9,Purdue,67
2007,2,3,Oregon,75,11,Winthrop,61
2007,2,1,Ohio State,78,9,Xavier,71
2007,2,1,Kansas,88,8,Kentucky,76
2007,2,7,UNLV,74,2,Wisconsin,68
2007,2,3,Texas A&M,72,6,Louisville,69
2007,2,5,Tennessee,77,4,Virginia,74
2007,2,5,Southern California,87,4,Texas,68
2007,2,4,Southern Illinois,63,5,Virginia Tech,48
2007,2,2,Georgetown,62,7,Boston College,55
2007,2,2,UCLA,54,7,Indiana,49
2007,2,2,Memphis,78,7,Nevada,62
2007,2,5,Butler,62,4,Maryland,59
2007,1,2,UCLA,70,15,Weber State,42
2007,1,6,Vanderbilt,77,11,George Washington,44
2007,1,2,Wisconsin,76,15,Texas A&M-Corpus Christi,63
2007,1,11,Winthrop,74,6,Notre Dame,64
2007,1,2,Memphis,73,15,North Texas,58
2007,1,1,North Carolina,86,16,Eastern Kentucky,65
2007,1,9,Michigan State,61,8,Marquette,49
2007,1,1,Florida,112,16,Jackson State,69
2007,1,3,Washington State,70,14,Oral Roberts,54
2007,1,1,Ohio State,78,16,Central Connecticut State,57
2007,1,11,Virginia Commonwealth,79,6,Duke,77
2007,1,9,Xavier,79,8,Brigham Young,77
2007,1,1,Kansas,107,16,Niagara,67
2007,1,3,Pittsburgh,79,14,Wright State,58
2007,1,7,UNLV,67,10,Georgia Tech,63
2007,1,6,Louisville,78,11,Stanford,58
2007,1,4,Texas,79,13,New Mexico State,67
2007,1,2,Georgetown,80,15,Belmont,55
2007,1,5,Tennessee,121,12,Long Beach State,86
2007,1,4,Maryland,82,13,Davidson,70
2007,1,8,Kentucky,67,9,Villanova,58
2007,1,9,Purdue,72,8,Arizona,63
2007,1,5,Southern California,77,12,Arkansas,60
2007,1,5,Virginia Tech,54,12,Illinois,52
2007,1,7,Boston College,84,10,Texas Tech,75
2007,1,7,Indiana,70,10,Gonzaga,57
2007,1,3,Oregon,58,14,Miami (Ohio),56
2007,1,3,Texas A&M,68,14,Penn,52
2007,1,7,Nevada,77,10,Creighton,71
2007,1,5,Butler,57,12,Old Dominion,46
2007,1,4,Southern Illinois,61,13,Holy Cross,51
2007,1,4,Virginia,84,13,Albany (N.Y.),57
2007,0,16,Niagara,77,16,Florida A&M,69
2006,6,3,Florida,73,2,UCLA,57
2006,5,3,Florida,73,11,George Mason,58
2006,5,2,UCLA,59,4,LSU,45
2006,4,11,George Mason,86,1,Connecticut,84
2006,4,2,UCLA,50,1,Memphis,45
2006,4,3,Florida,75,1,Villanova,62
2006,4,4,LSU,70,2,Texas,60
2006,3,2,Texas,74,6,West Virginia,71
2006,3,1,Connecticut,98,5,Washington,92
2006,3,1,Memphis,80,13,Bradley,64
2006,3,3,Florida,57,7,Georgetown,53
2006,3,2,UCLA,73,3,Gonzaga,71
2006,3,4,LSU,62,1,Duke,54
2006,3,11,George Mason,63,7,Wichita State,55
2006,3,1,Villanova,60,4,Boston College,59
2006,2,6,West Virginia,67,14,Northwestern State,54
2006,2,7,Wichita State,80,2,Tennessee,73
2006,2,1,Connecticut,87,8,Kentucky,83
2006,2,1,Memphis,72,9,Bucknell,56
2006,2,3,Gonzaga,90,6,Indiana,80
2006,2,1,Duke,70,8,George Washington,64
2006,2,13,Bradley,72,5,Pittsburgh,66
2006,2,11,George Mason,65,3,North Carolina,60
2006,2,1,Villanova,82,8,Arizona,78
2006,2,2,UCLA,62,10,Alabama,59
2006,2,7,Georgetown,70,2,Ohio State,52
2006,2,5,Washington,67,4,Illinois,64
2006,2,2,Texas,75,10,North Carolina State,54
2006,2,4,LSU,58,12,Texas A&M,57
2006,2,4,Boston College,69,12,Montana,56
2006,2,3,Florida,82,11,Milwaukee,60
2006,1,2,UCLA,78,15,Belmont,44
2006,1,6,West Virginia,64,11,Southern Illinois,46
2006,1,7,Wichita State,86,10,Seton Hall,66
2006,1,1,Connecticut,72,16,Albany (N.Y.),59
2006,1,1,Memphis,94,16,Oral Roberts,78
2006,1,3,North Carolina,69,14,Murray St.,65
2006,1,11,George Mason,75,6,Michigan State,65
2006,1,10,Alabama,90,7,Marquette,85
2006,1,14,Northwestern State,64,3,Iowa,63
2006,1,3,Florida,76,14,South Alabama,50
2006,1,6,Indiana,87,11,San Diego State,83
2006,1,2,Ohio State,70,15,Davidson,62
2006,1,3,Gonzaga,79,14,Xavier,75
2006,1,1,Duke,70,16,Southern,54
2006,1,13,Bradley,77,4,Kansas,73
2006,1,5,Pittsburgh,79,12,Kent State,64
2006,1,1,Villanova,58,16,Monmouth,45
2006,1,9,Bucknell,59,8,Arkansas,55
2006,1,4,Illinois,78,13,Air Force,69
2006,1,12,Texas A&M,66,5,Syracuse,58
2006,1,2,Texas,60,15,Penn,52
2006,1,7,Georgetown,54,10,Northern Iowa,49
2006,1,2,Tennessee,63,15,Winthrop,61
2006,1,8,Kentucky,72,9,Alabama-Birmingham,59
2006,1,5,Washington,75,12,Utah State,61
2006,1,8,Arizona,94,9,Wisconsin,75
2006,1,10,North Carolina State,58,7,UC Berkeley,52
2006,1,11,Milwaukee,82,6,Oklahoma,74
2006,1,4,Boston College,88,13,Pacific,76
2006,1,12,Montana,87,5,Nevada,79
2006,1,8,George Washington,88,9,UNC Wilmington,85
2006,1,4,LSU,80,13,Iona,64
2006,0,16,Monmouth,71,16,Hampton,49
2005,6,1,North Carolina,75,1,Illinois,70
2005,5,1,North Carolina,87,5,Michigan State,71
2005,5,1,Illinois,75,4,Louisville,58
2005,4,1,North Carolina,88,6,Wisconsin,82
2005,4,5,Michigan State,94,2,Kentucky,88
2005,4,1,Illinois,90,3,Arizona,89
2005,4,4,Louisville,93,7,West Virginia,85
2005,3,6,Wisconsin,65,10,North Carolina State,56
2005,3,1,North Carolina,67,5,Villanova,66
2005,3,5,Michigan State,78,1,Duke,68
2005,3,1,Illinois,77,12,Milwaukee,63
2005,3,4,Louisville,93,1,Washington,79
2005,3,3,Arizona,79,2,Oklahoma State,78
2005,3,7,West Virginia,65,6,Texas Tech,60
2005,3,2,Kentucky,62,6,Utah,52
2005,2,3,Arizona,85,11,Alabama-Birmingham,63
2005,2,6,Wisconsin,71,14,Bucknell,62
2005,2,2,Kentucky,69,7,Cincinnati,60
2005,2,7,West Virginia,111,2,Wake Forest,105
2005,2,1,North Carolina,92,9,Iowa State,65
2005,2,5,Michigan State,72,13,Vermont,61
2005,2,1,Duke,63,9,Mississippi State,55
2005,2,5,Villanova,76,4,Florida,65
2005,2,1,Illinois,71,9,Nevada,59
2005,2,12,Milwaukee,85,4,Boston College,63
2005,2,4,Louisville,76,5,Georgia Tech,54
2005,2,1,Washington,97,8,Pacific,79
2005,2,6,Texas Tech,71,3,Gonzaga,69
2005,2,10,North Carolina State,65,2,Connecticut,62
2005,2,2,Oklahoma State,85,7,Southern Illinois,77
2005,2,6,Utah,67,3,Oklahoma,58
2005,1,6,Wisconsin,57,11,Northern Iowa,52
2005,1,7,Cincinnati,76,10,Iowa,64
2005,1,7,West Virginia,63,10,Creighton,61
2005,1,2,Connecticut,77,15,Central Florida,71
2005,1,1,North Carolina,96,16,Oakland,68
2005,1,5,Michigan State,89,12,Old Dominion,81
2005,1,4,Florida,67,13,Ohio,62
2005,1,3,Gonzaga,74,14,Winthrop,64
2005,1,1,Duke,57,16,Delaware State,46
2005,1,14,Bucknell,64,3,Kansas,63
2005,1,5,Villanova,55,12,New Mexico,47
2005,1,12,Milwaukee,83,5,Alabama,73
2005,1,1,Illinois,67,16,Fairleigh Dickinson,55
2005,1,13,Vermont,60,4,Syracuse,57
2005,1,4,Louisville,68,13,Louisiana-Lafayette,62
2005,1,9,Iowa State,64,8,Minnesota,53
2005,1,9,Nevada,61,8,Texas,57
2005,1,5,Georgia Tech,80,12,George Washington,68
2005,1,2,Kentucky,72,15,Eastern Kentucky,64
2005,1,1,Washington,88,16,Montana,77
2005,1,3,Arizona,66,14,Utah State,53
2005,1,2,Oklahoma State,63,15,Southeastern Louisiana,50
2005,1,6,Texas Tech,78,11,UCLA,66
2005,1,4,Boston College,85,13,Penn,65
2005,1,3,Oklahoma,84,14,Niagara,67
2005,1,2,Wake Forest,70,15,Chattanooga,54
2005,1,9,Mississippi State,93,8,Stanford,70
2005,1,8,Pacific,79,9,Pittsburgh,71
2005,1,10,North Carolina State,75,7,Charlotte,63
2005,1,7,Southern Illinois,65,10,St. Mary's (Cal.),56
2005,1,11,Alabama-Birmingham,82,6,LSU,68
2005,1,6,Utah,60,11,UTEP,54
2005,0,16,Oakland,79,16,Alabama A&M,69
2004,6,2,Connecticut,82,3,Georgia Tech,73
2004,5,2,Connecticut,79,1,Duke,78
2004,5,3,Georgia Tech,67,2,Oklahoma State,65
2004,4,1,Duke,66,7,Xavier,63
2004,4,3,Georgia Tech,79,4,Kansas,71
2004,4,2,Connecticut,87,8,Alabama,71
2004,4,2,Oklahoma State,64,1,St. Joseph's,62
2004,3,4,Kansas,100,9,Alabama-Birmingham,74
2004,3,2,Connecticut,73,6,Vanderbilt,53
2004,3,1,Duke,72,5,Illinois,62
2004,3,2,Oklahoma State,63,3,Pittsburgh,51
2004,3,8,Alabama,80,5,Syracuse,71
2004,3,7,Xavier,79,3,Texas,71
2004,3,3,Georgia Tech,72,10,Nevada,67
2004,3,1,St. Joseph's,84,4,Wake Forest,80
2004,2,6,Vanderbilt,75,3,North Carolina State,73
2004,2,3,Pittsburgh,59,6,Wisconsin,55
2004,2,8,Alabama,70,1,Stanford,67
2004,2,2,Oklahoma State,70,7,Memphis,53
2004,2,3,Texas,78,6,North Carolina,75
2004,2,7,Xavier,89,2,Mississippi State,74
2004,2,1,Duke,90,8,Seton Hall,62
2004,2,5,Illinois,92,4,Cincinnati,68
2004,2,5,Syracuse,72,4,Maryland,70
2004,2,9,Alabama-Birmingham,76,1,Kentucky,75
2004,2,3,Georgia Tech,57,6,Boston College,54
2004,2,1,St. Joseph's,70,8,Texas Tech,65
2004,2,10,Nevada,91,2,Gonzaga,72
2004,2,4,Kansas,78,12,Pacific,63
2004,2,2,Connecticut,72,7,DePaul,55
2004,2,4,Wake Forest,84,12,Manhattan,80
2004,1,6,Vanderbilt,71,11,Western Michigan,58
2004,1,6,Wisconsin,76,11,Richmond,64
2004,1,4,Cincinnati,80,13,East Tennessee State,77
2004,1,1,Stanford,71,16,Texas-San Antonio,45
2004,1,2,Connecticut,70,15,Vermont,53
2004,1,7,Memphis,59,10,South Carolina,43
2004,1,6,North Carolina,63,11,Air Force,52
2004,1,10,Nevada,72,7,Michigan State,66
2004,1,12,Manhattan,75,5,Florida,60
2004,1,7,Xavier,80,10,Louisville,70
2004,1,2,Gonzaga,76,15,Valparaiso,49
2004,1,1,Duke,96,16,Alabama State,61
2004,1,4,Kansas,78,13,Illinois-Chicago,53
2004,1,3,Pittsburgh,53,14,Central Florida,44
2004,1,8,Alabama,65,9,Southern Illinois,64
2004,1,5,Illinois,72,12,Murray St.,53
2004,1,5,Syracuse,80,12,Brigham Young,75
2004,1,3,Texas,80,14,Princeton,70
2004,1,4,Maryland,86,13,UTEP,83
2004,1,3,Georgia Tech,65,14,Northern Iowa,60
2004,1,1,Kentucky,96,16,Florida A&M,76
2004,1,9,Alabama-Birmingham,102,8,Washington,100
2004,1,2,Oklahoma State,75,15,Eastern Washington,56
2004,1,8,Texas Tech,76,9,Charlotte,73
2004,1,6,Boston College,58,11,Utah,51
2004,1,4,Wake Forest,79,13,Virginia Commonwealth,78
2004,1,3,North Carolina State,62,14,Louisiana-Lafayette,52
2004,1,1,St. Joseph's,82,16,Liberty,63
2004,1,2,Mississippi State,80,15,Monmouth,70
2004,1,12,Pacific,66,5,Providence,58
2004,1,7,DePaul,76,10,Dayton,69
2004,1,8,Seton Hall,80,9,Arizona,76
2004,0,16,Florida A&M,72,16,Lehigh,57
2003,6,3,Syracuse,81,2,Kansas,78
2003,5,2,Kansas,94,3,Marquette,61
2003,5,3,Syracuse,95,1,Texas,84
2003,4,1,Texas,85,7,Michigan State,76
2003,4,3,Marquette,83,1,Kentucky,69
2003,4,2,Kansas,78,1,Arizona,75
2003,4,3,Syracuse,63,1,Oklahoma,47
2003,3,3,Marquette,77,2,Pittsburgh,74
2003,3,2,Kansas,69,3,Duke,65
2003,3,3,Syracuse,79,10,Auburn,78
2003,3,1,Texas,82,5,Connecticut,78
2003,3,7,Michigan State,60,6,Maryland,58
2003,3,1,Kentucky,63,5,Wisconsin,57
2003,3,1,Arizona,88,5,Notre Dame,71
2003,3,1,Oklahoma,65,12,Butler,54
2003,2,5,Wisconsin,61,13,Tulsa,60
2003,2,5,Connecticut,84,4,Stanford,74
2003,2,5,Notre Dame,68,4,Illinois,60
2003,2,7,Michigan State,68,2,Florida,46
2003,2,2,Pittsburgh,74,7,Indiana,52
2003,2,1,Texas,77,9,Purdue,67
2003,2,6,Maryland,77,3,Xavier,64
2003,2,1,Kentucky,74,9,Utah,54
2003,2,1,Arizona,96,9,Gonzaga,95
2003,2,3,Syracuse,68,6,Oklahoma State,56
2003,2,10,Auburn,68,2,Wake Forest,62
2003,2,1,Oklahoma,74,8,UC Berkeley,65
2003,2,2,Kansas,108,10,Arizona State,76
2003,2,12,Butler,79,4,Louisville,71
2003,2,3,Marquette,101,6,Missouri,92
2003,2,3,Duke,86,11,Central Michigan,80
2003,1,2,Pittsburgh,67,15,Wagner,62
2003,1,5,Wisconsin,81,12,Weber State,74
2003,1,9,Gonzaga,74,8,Cincinnati,69
2003,1,4,Stanford,77,13,San Diego,69
2003,1,5,Connecticut,58,12,Brigham Young,53
2003,1,5,Notre Dame,70,12,Milwaukee,69
2003,1,10,Arizona State,84,7,Memphis,71
2003,1,2,Kansas,64,15,Utah State,61
2003,1,7,Michigan State,79,10,Colorado,64
2003,1,3,Marquette,72,14,Holy Cross,68
2003,1,2,Florida,85,15,Sam Houston State,55
2003,1,7,Indiana,67,10,Alabama,62
2003,1,3,Xavier,71,14,Troy,59
2003,1,3,Duke,67,14,Colorado State,57
2003,1,4,Illinois,65,13,Western Kentucky,60
2003,1,3,Syracuse,77,14,Manhattan,63
2003,1,4,Louisville,86,13,Austin Peay,64
2003,1,1,Texas,82,16,UNC Asheville,61
2003,1,6,Maryland,75,11,UNC Wilmington,73
2003,1,1,Kentucky,95,16,IUPUI,64
2003,1,13,Tulsa,84,4,Dayton,71
2003,1,1,Arizona,80,16,Vermont,51
2003,1,6,Oklahoma State,77,11,Penn,63
2003,1,8,UC Berkeley,76,9,North Carolina State,74
2003,1,11,Central Michigan,79,6,Creighton,73
2003,1,1,Oklahoma,71,16,South Carolina State,54
2003,1,2,Wake Forest,76,15,East Tennessee State,73
2003,1,10,Auburn,65,7,St. Joseph's,63
2003,1,9,Utah,60,8,Oregon,58
2003,1,12,Butler,47,5,Mississippi State,46
2003,1,9,Purdue,80,8,LSU,56
2003,1,6,Missouri,72,11,Southern Illinois,71
2003,0,16,UNC Asheville,92,16,Texas Southern,84
2002,6,1,Maryland,64,5,Indiana,52
2002,5,5,Indiana,73,2,Oklahoma,64
2002,5,1,Maryland,97,1,Kansas,88
2002,4,1,Kansas,104,2,Oregon,86
2002,4,5,Indiana,81,10,Kent State,69
2002,4,1,Maryland,90,2,Connecticut,82
2002,4,2,Oklahoma,81,12,Missouri,75
2002,3,10,Kent State,78,3,Pittsburgh,73
2002,3,1,Kansas,73,4,Illinois,69
2002,3,5,Indiana,74,1,Duke,73
2002,3,2,Connecticut,71,11,Southern Illinois,59
2002,3,2,Oregon,72,6,Texas,70
2002,3,1,Maryland,78,4,Kentucky,68
2002,3,2,Oklahoma,88,3,Arizona,67
2002,3,12,Missouri,82,8,UCLA,73
2002,2,8,UCLA,105,1,Cincinnati,101
2002,2,1,Kansas,86,8,Stanford,63
2002,2,5,Indiana,76,13,UNC Wilmington,67
2002,2,2,Oklahoma,78,7,Xavier,65
2002,2,1,Duke,84,8,Notre Dame,77
2002,2,10,Kent State,71,2,Alabama,58
2002,2,11,Southern Illinois,77,3,Georgia,75
2002,2,6,Texas,68,3,Mississippi State,64
2002,2,1,Maryland,87,8,Wisconsin,57
2002,2,3,Pittsburgh,63,6,UC Berkeley,50
2002,2,4,Illinois,72,12,Creighton,60
2002,2,2,Oregon,92,7,Wake Forest,87
2002,2,2,Connecticut,77,7,North Carolina State,74
2002,2,12,Missouri,83,4,Ohio State,67
2002,2,4,Kentucky,87,12,Tulsa,82
2002,2,3,Arizona,68,11,Wyoming,60
2002,1,3,Pittsburgh,71,14,Central Connecticut State,54
2002,1,8,Wisconsin,80,9,St. John's,70
2002,1,1,Cincinnati,90,16,Boston University,52
2002,1,8,Stanford,84,9,Western Kentucky,68
2002,1,2,Connecticut,78,15,Hampton,67
2002,1,8,Notre Dame,82,9,Charlotte,63
2002,1,1,Kansas,70,16,Holy Cross,59
2002,1,12,Tulsa,71,5,Marquette,69
2002,1,12,Creighton,83,5,Florida,82
2002,1,5,Indiana,75,12,Utah,56
2002,1,7,Xavier,70,10,Hawaii,58
2002,1,12,Missouri,93,5,Miami (Fla.),80
2002,1,11,Wyoming,73,6,Gonzaga,66
2002,1,1,Duke,84,16,Winthrop,37
2002,1,4,Illinois,93,13,San Diego State,64
2002,1,2,Alabama,86,15,Florida Atlantic,78
2002,1,6,Texas,70,11,Boston College,57
2002,1,1,Maryland,85,16,Siena,70
2002,1,4,Kentucky,83,13,Valparaiso,68
2002,1,3,Georgia,85,14,Murray St.,68
2002,1,3,Arizona,86,14,UC Santa Barbara,81
2002,1,10,Kent State,69,7,Oklahoma State,61
2002,1,11,Southern Illinois,76,6,Texas Tech,68
2002,1,6,UC Berkeley,82,11,Penn,75
2002,1,4,Ohio State,69,13,Davidson,64
2002,1,2,Oklahoma,71,15,Illinois-Chicago,63
2002,1,7,Wake Forest,83,10,Pepperdine,74
2002,1,7,North Carolina State,69,10,Michigan State,58
2002,1,13,UNC Wilmington,93,4,Southern California,89
2002,1,2,Oregon,81,15,Montana,62
2002,1,8,UCLA,80,9,Mississippi,58
2002,1,3,Mississippi State,70,14,McNeese State,58
2002,0,16,Siena,81,16,Alcorn State,77
2001,6,1,Duke,82,2,Arizona,72
2001,5,1,Duke,95,3,Maryland,84
2001,5,2,Arizona,80,1,Michigan State,61
2001,4,3,Maryland,87,1,Stanford,73
2001,4,1,Michigan State,69,11,Temple,62
2001,4,1,Duke,79,6,Southern California,69
2001,4,2,Arizona,87,1,Illinois,81
2001,3,1,Stanford,78,5,Cincinnati,65
2001,3,1,Michigan State,77,12,Gonzaga,62
2001,3,1,Duke,76,4,UCLA,63
2001,3,1,Illinois,80,4,Kansas,64
2001,3,3,Maryland,76,10,Georgetown,66
2001,3,11,Temple,84,7,Penn State,72
2001,3,6,Southern California,80,2,Kentucky,76
2001,3,2,Arizona,66,3,Mississippi,56
2001,2,5,Cincinnati,66,13,Kent State,43
2001,2,1,Stanford,90,9,St. Joseph's,83
2001,2,3,Mississippi,59,6,Notre Dame,56
2001,2,1,Michigan State,81,9,Fresno State,65
2001,2,2,Kentucky,92,7,Iowa,79
2001,2,2,Arizona,73,10,Butler,52
2001,2,12,Gonzaga,85,13,Indiana State,68
2001,2,1,Duke,94,9,Missouri,81
2001,2,1,Illinois,79,9,Charlotte,61
2001,2,4,Kansas,87,5,Syracuse,58
2001,2,4,UCLA,75,12,Utah State,50
2001,2,11,Temple,75,3,Florida,54
2001,2,3,Maryland,79,11,Georgia State,60
2001,2,7,Penn State,82,2,North Carolina,74
2001,2,6,Southern California,74,3,Boston College,71
2001,2,10,Georgetown,76,15,Hampton,57
2001,1,15,Hampton,58,2,Iowa State,57
2001,1,5,Cincinnati,84,12,Brigham Young,59
2001,1,1,Stanford,89,16,UNC Greensboro,60
2001,1,6,Notre Dame,83,11,Xavier,71
2001,1,4,Kansas,99,13,Cal State Northridge,75
2001,1,1,Michigan State,69,16,Alabama State,35
2001,1,7,Iowa,69,10,Creighton,56
2001,1,3,Florida,69,14,Western Kentucky,56
2001,1,13,Kent State,77,4,Indiana,73
2001,1,1,Duke,95,16,Monmouth,52
2001,1,1,Illinois,96,16,Northwestern State,54
2001,1,5,Syracuse,79,12,Hawaii,69
2001,1,11,Temple,79,6,Texas,65
2001,1,3,Maryland,83,14,George Mason,80
2001,1,9,St. Joseph's,66,8,Georgia Tech,62
2001,1,2,Kentucky,72,15,Holy Cross,68
2001,1,9,Missouri,70,8,Georgia,68
2001,1,10,Georgetown,63,7,Arkansas,61
2001,1,2,Arizona,101,15,Eastern Illinois,76
2001,1,12,Gonzaga,86,5,Virginia,85
2001,1,9,Fresno State,82,8,UC Berkeley,70
2001,1,12,Utah State,77,5,Ohio State,68
2001,1,10,Butler,79,7,Wake Forest,63
2001,1,3,Boston College,68,14,Southern Utah,65
2001,1,13,Indiana State,70,4,Oklahoma,68
2001,1,9,Charlotte,70,8,Tennessee,63
2001,1,7,Penn State,69,10,Providence,59
2001,1,6,Southern California,69,11,Oklahoma State,54
2001,1,4,UCLA,61,13,Hofstra,48
2001,1,3,Mississippi,72,14,Iona,70
2001,1,2,North Carolina,70,15,Princeton,48
2001,1,11,Georgia State,50,6,Wisconsin,49
2001,0,16,Northwestern State,71,16,Winthrop,67
2000,6,1,Michigan State,89,5,Florida,76
2000,5,5,Florida,71,8,North Carolina,59
2000,5,1,Michigan State,53,8,Wisconsin,41
2000,4,1,Michigan State,75,2,Iowa State,64
2000,4,5,Florida,77,3,Oklahoma State,65
2000,4,8,Wisconsin,64,6,Purdue,60
2000,4,8,North Carolina,59,7,Tulsa,55
2000,3,1,Michigan State,75,4,Syracuse,58
2000,3,7,Tulsa,80,6,Miami (Fla.),71
2000,3,5,Florida,87,1,Duke,78
2000,3,6,Purdue,75,10,Gonzaga,66
2000,3,3,Oklahoma State,68,10,Seton Hall,66
2000,3,8,Wisconsin,61,4,LSU,48
2000,3,2,Iowa State,80,6,UCLA,56
2000,3,8,North Carolina,74,4,Tennessee,69
2000,2,10,Seton Hall,67,2,Temple,65
2000,2,8,North Carolina,60,1,Stanford,53
2000,2,4,Tennessee,65,5,Connecticut,61
2000,2,1,Michigan State,73,8,Utah,61
2000,2,5,Florida,93,4,Illinois,76
2000,2,6,Miami (Fla.),75,3,Ohio State,62
2000,2,10,Gonzaga,82,2,St. John's,76
2000,2,1,Duke,69,8,Kansas,64
2000,2,7,Tulsa,69,2,Cincinnati,61
2000,2,4,LSU,72,5,Texas,67
2000,2,4,Syracuse,52,5,Kentucky,50
2000,2,6,Purdue,66,3,Oklahoma,62
2000,2,8,Wisconsin,66,1,Arizona,59
2000,2,2,Iowa State,79,7,Auburn,60
2000,2,6,UCLA,105,3,Maryland,70
2000,2,3,Oklahoma State,75,11,Pepperdine,67
2000,1,2,Iowa State,88,15,Central Connecticut State,78
2000,1,2,Cincinnati,64,15,UNC Wilmington,47
2000,1,1,Stanford,84,16,South Carolina State,65
2000,1,5,Connecticut,75,12,Utah State,67
2000,1,8,Kansas,81,9,DePaul,77
2000,1,1,Michigan State,61,16,Valparaiso,56
2000,1,5,Florida,69,12,Butler,68
2000,1,6,Miami (Fla.),75,11,Arkansas,71
2000,1,1,Duke,85,16,Lamar,55
2000,1,7,Tulsa,89,10,UNLV,62
2000,1,4,Illinois,68,13,Penn,58
2000,1,4,Syracuse,79,13,Samford,65
2000,1,5,Texas,77,12,Indiana State,61
2000,1,3,Maryland,74,14,Iona,59
2000,1,5,Kentucky,85,12,St. Bonaventure,80
2000,1,6,Purdue,62,11,Dayton,61
2000,1,2,Temple,73,15,Lafayette,47
2000,1,1,Arizona,71,16,Jackson State,47
2000,1,3,Oklahoma State,86,14,Hofstra,66
2000,1,10,Gonzaga,77,7,Louisville,66
2000,1,11,Pepperdine,77,6,Indiana,57
2000,1,7,Auburn,72,10,Creighton,69
2000,1,2,St. John's,61,15,Northern Arizona,56
2000,1,8,Utah,48,9,St. Louis,45
2000,1,3,Ohio State,87,14,Appalachian State,61
2000,1,8,Wisconsin,66,9,Fresno State,56
2000,1,3,Oklahoma,74,14,Winthrop,60
2000,1,4,Tennessee,63,13,Louisiana-Lafayette,58
2000,1,10,Seton Hall,72,7,Oregon,71
2000,1,6,UCLA,79,11,Ball State,65
2000,1,8,North Carolina,84,9,Missouri,70
2000,1,4,LSU,64,13,Southeast Missouri State,61
1999,6,1,Connecticut,77,1,Duke,74
1999,5,1,Duke,68,1,Michigan State,62
1999,5,1,Connecticut,64,4,Ohio State,58
1999,4,1,Connecticut,67,10,Gonzaga,62
1999,4,1,Michigan State,73,3,Kentucky,66
1999,4,1,Duke,85,6,Temple,64
1999,4,4,Ohio State,77,3,St. John's,74
1999,3,1,Connecticut,78,5,Iowa,68
1999,3,1,Michigan State,54,13,Oklahoma,46
1999,3,10,Gonzaga,73,6,Florida,72
1999,3,1,Duke,78,12,Missouri State,61
1999,3,3,Kentucky,58,10,Miami (Ohio),43
1999,3,6,Temple,77,10,Purdue,55
1999,3,4,Ohio State,72,1,Auburn,64
1999,3,3,St. John's,76,2,Maryland,62
1999,2,1,Connecticut,78,9,New Mexico,56
1999,2,3,Kentucky,92,6,Kansas,88
1999,2,1,Michigan State,74,9,Mississippi,66
1999,2,12,Missouri State,81,4,Tennessee,51
1999,2,6,Florida,82,14,Weber State,74
1999,2,1,Duke,97,9,Tulsa,56
1999,2,10,Gonzaga,82,2,Stanford,74
1999,2,10,Purdue,73,2,Miami (Fla.),63
1999,2,6,Temple,64,3,Cincinnati,54
1999,2,3,St. John's,86,6,Indiana,61
1999,2,10,Miami (Ohio),66,2,Utah,58
1999,2,1,Auburn,81,9,Oklahoma State,74
1999,2,5,Iowa,82,4,Arkansas,72
1999,2,2,Maryland,75,10,Creighton,63
1999,2,4,Ohio State,75,12,Detroit,44
1999,2,13,Oklahoma,85,5,Charlotte,72
1999,1,3,Cincinnati,72,14,George Mason,48
1999,1,2,Stanford,69,15,Alcorn State,57
1999,1,1,Connecticut,91,16,Texas-San Antonio,66
1999,1,6,Kansas,95,11,Evansville,74
1999,1,1,Michigan State,76,16,Mount St. Mary's,53
1999,1,6,Florida,75,11,Penn,61
1999,1,2,Miami (Fla.),75,15,Lafayette,54
1999,1,1,Duke,99,16,Florida A&M,58
1999,1,9,Oklahoma State,69,8,Syracuse,61
1999,1,10,Purdue,58,7,Texas,54
1999,1,2,Maryland,82,15,Valparaiso,60
1999,1,3,Kentucky,82,14,New Mexico State,60
1999,1,6,Temple,61,11,Kent State,54
1999,1,4,Arkansas,94,13,Siena,80
1999,1,13,Oklahoma,61,4,Arizona,60
1999,1,10,Creighton,62,7,Louisville,58
1999,1,9,New Mexico,61,8,Missouri,59
1999,1,10,Gonzaga,75,7,Minnesota,63
1999,1,6,Indiana,108,11,George Washington,88
1999,1,1,Auburn,80,16,Winthrop,41
1999,1,5,Iowa,77,12,Alabama-Birmingham,64
1999,1,3,St. John's,69,14,Samford,43
1999,1,2,Utah,80,15,Arkansas State,58
1999,1,4,Ohio State,72,13,Murray St.,58
1999,1,10,Miami (Ohio),59,7,Washington,58
1999,1,12,Missouri State,43,5,Wisconsin,32
1999,1,9,Tulsa,62,8,College of Charleston,53
1999,1,9,Mississippi,72,8,Villanova,70
1999,1,4,Tennessee,62,13,Delaware,52
1999,1,12,Detroit,56,5,UCLA,53
1999,1,14,Weber State,76,3,North Carolina,74
1999,1,5,Charlotte,81,12,Rhode Island,70
1998,6,2,Kentucky,78,3,Utah,69
1998,5,2,Kentucky,86,3,Stanford,85
1998,5,3,Utah,65,1,North Carolina,59
1998,4,2,Kentucky,86,1,Duke,84
1998,4,3,Stanford,79,8,Rhode Island,77
1998,4,3,Utah,76,1,Arizona,51
1998,4,1,North Carolina,75,2,Connecticut,64
1998,3,3,Stanford,67,2,Purdue,59
1998,3,1,Duke,80,5,Syracuse,67
1998,3,8,Rhode Island,74,13,Valparaiso,68
1998,3,1,Arizona,87,4,Maryland,79
1998,3,3,Utah,65,10,West Virginia,62
1998,3,2,Connecticut,75,11,Washington,74
1998,3,2,Kentucky,94,6,UCLA,68
1998,3,1,North Carolina,73,4,Michigan State,58
1998,2,8,Rhode Island,80,1,Kansas,75
1998,2,1,Duke,79,8,Oklahoma State,73
1998,2,4,Maryland,67,5,Illinois,61
1998,2,5,Syracuse,56,4,New Mexico,46
1998,2,3,Utah,75,6,Arkansas,69
1998,2,1,Arizona,82,9,Illinois State,49
1998,2,3,Stanford,83,11,Western Michigan,65
1998,2,10,West Virginia,75,2,Cincinnati,74
1998,2,2,Connecticut,78,7,Indiana,61
1998,2,2,Kentucky,88,10,St. Louis,61
1998,2,11,Washington,81,14,Richmond,66
1998,2,13,Valparaiso,83,12,Florida State,77
1998,2,6,UCLA,85,3,Michigan,82
1998,2,4,Michigan State,63,5,Princeton,51
1998,2,2,Purdue,80,10,Detroit,65
1998,2,1,North Carolina,93,8,Charlotte,83
1998,1,2,Cincinnati,65,15,Northern Arizona,62
1998,1,3,Stanford,67,14,College of Charleston,57
1998,1,2,Connecticut,93,15,Fairleigh Dickinson,85
1998,1,1,Kansas,110,16,Prairie View,52
1998,1,4,Michigan State,83,13,Eastern Michigan,71
1998,1,1,Duke,99,16,Radford,63
1998,1,5,Illinois,64,12,South Alabama,51
1998,1,5,Syracuse,63,12,Iona,61
1998,1,11,Western Michigan,75,6,Clemson,72
1998,1,4,Maryland,82,13,Utah State,68
1998,1,2,Kentucky,82,15,South Carolina State,67
1998,1,8,Rhode Island,97,9,Murray St.,74
1998,1,2,Purdue,95,15,Delaware,56
1998,1,4,New Mexico,79,13,Butler,62
1998,1,10,West Virginia,82,7,Temple,52
1998,1,6,Arkansas,74,11,Nebraska,65
1998,1,1,Arizona,99,16,Nicholls State,60
1998,1,8,Oklahoma State,74,9,George Washington,59
1998,1,12,Florida State,96,5,TCU,87
1998,1,7,Indiana,94,10,Oklahoma,87
1998,1,14,Richmond,62,3,South Carolina,61
1998,1,3,Utah,85,14,San Francisco,68
1998,1,10,Detroit,66,7,St. John's,64
1998,1,11,Washington,69,6,Xavier,68
1998,1,9,Illinois State,82,8,Tennessee,81
1998,1,6,UCLA,65,11,Miami (Fla.),62
1998,1,8,Charlotte,77,9,Illinois-Chicago,62
1998,1,10,St. Louis,51,7,Massachusetts,46
1998,1,13,Valparaiso,70,4,Mississippi,69
1998,1,5,Princeton,69,12,UNLV,57
1998,1,3,Michigan,80,14,Davidson,61
1998,1,1,North Carolina,88,16,Navy,52
1997,6,4,Arizona,84,1,Kentucky,79
1997,5,1,Kentucky,78,1,Minnesota,69
1997,5,4,Arizona,66,1,North Carolina,58
1997,4,1,Kentucky,72,2,Utah,59
1997,4,4,Arizona,96,10,Providence,92
1997,4,1,North Carolina,97,6,Louisville,74
1997,4,1,Minnesota,80,2,UCLA,72
1997,3,2,Utah,82,6,Stanford,77
1997,3,4,Arizona,85,1,Kansas,82
1997,3,1,Kentucky,83,4,St. Joseph's,68
1997,3,1,North Carolina,63,5,UC Berkeley,57
1997,3,6,Louisville,78,10,Texas,63
1997,3,1,Minnesota,90,4,Clemson,84
1997,3,10,Providence,71,14,Chattanooga,65
1997,3,2,UCLA,74,6,Iowa State,73
1997,2,6,Stanford,72,3,Wake Forest,66
1997,2,1,Kansas,75,8,Purdue,61
1997,2,14,Chattanooga,75,6,Illinois,63
1997,2,1,Kentucky,75,8,Iowa,69
1997,2,10,Texas,82,15,Coppin State,81
1997,2,1,North Carolina,73,9,Colorado,56
1997,2,6,Louisville,64,3,New Mexico,63
1997,2,1,Minnesota,76,9,Temple,57
1997,2,10,Providence,98,2,Duke,87
1997,2,5,UC Berkeley,75,4,Villanova,68
1997,2,4,St. Joseph's,81,5,Boston College,77
1997,2,6,Iowa State,67,3,Cincinnati,66
1997,2,4,Arizona,73,12,College of Charleston,69
1997,2,2,UCLA,96,7,Xavier,83
1997,2,4,Clemson,65,5,Tulsa,59
1997,2,2,Utah,77,7,Charlotte,58
1997,1,3,Cincinnati,86,14,Butler,69
1997,1,6,Stanford,80,11,Oklahoma,67
1997,1,1,Kansas,78,16,Jackson State,64
1997,1,2,Duke,71,15,Murray St.,68
1997,1,6,Illinois,90,11,Southern California,77
1997,1,1,Kentucky,92,16,Montana,54
1997,1,4,Clemson,68,13,Miami (Ohio),56
1997,1,12,College of Charleston,75,5,Maryland,66
1997,1,14,Chattanooga,73,3,Georgia,70
1997,1,8,Purdue,83,9,Rhode Island,76
1997,1,3,New Mexico,59,14,Old Dominion,55
1997,1,4,Arizona,65,13,South Alabama,57
1997,1,1,North Carolina,82,16,Fairfield,74
1997,1,6,Louisville,65,11,Massachusetts,57
1997,1,1,Minnesota,78,16,Texas State,46
1997,1,9,Colorado,80,8,Indiana,62
1997,1,8,Iowa,73,9,Virginia,60
1997,1,15,Coppin State,78,2,South Carolina,65
1997,1,5,UC Berkeley,55,12,Princeton,52
1997,1,2,Utah,75,15,Navy,61
1997,1,10,Providence,81,7,Marquette,59
1997,1,5,Boston College,73,12,Valparaiso,66
1997,1,6,Iowa State,69,11,Illinois State,57
1997,1,3,Wake Forest,68,14,St. Mary's (Cal.),46
1997,1,10,Texas,71,7,Wisconsin,58
1997,1,7,Xavier,80,10,Vanderbilt,68
1997,1,4,Villanova,101,13,Long Island,91
1997,1,5,Tulsa,81,12,Boston University,52
1997,1,4,St. Joseph's,75,13,Pacific,65
1997,1,2,UCLA,109,15,Charleston Southern,75
1997,1,7,Charlotte,79,10,Georgetown,67
1997,1,9,Temple,62,8,Mississippi,40
1996,6,1,Kentucky,76,4,Syracuse,67
1996,5,1,Kentucky,81,1,Massachusetts,74
1996,5,4,Syracuse,77,5,Mississippi State,69
1996,4,1,Massachusetts,86,2,Georgetown,62
1996,4,4,Syracuse,60,2,Kansas,57
1996,4,1,Kentucky,83,2,Wake Forest,63
1996,4,5,Mississippi State,73,2,Cincinnati,63
1996,3,5,Mississippi State,60,1,Connecticut,55
1996,3,1,Massachusetts,79,12,Arkansas,63
1996,3,1,Kentucky,101,4,Utah,70
1996,3,4,Syracuse,83,8,Georgia,81
1996,3,2,Kansas,83,3,Arizona,80
1996,3,2,Cincinnati,87,3,Georgia Tech,70
1996,3,2,Wake Forest,60,6,Louisville,59
1996,3,2,Georgetown,98,3,Texas Tech,90
1996,2,1,Connecticut,95,9,Eastern Michigan,81
1996,2,1,Massachusetts,79,9,Stanford,74
1996,2,1,Kentucky,84,9,Virginia Tech,60
1996,2,2,Wake Forest,65,10,Texas,62
1996,2,8,Georgia,76,1,Purdue,69
1996,2,2,Georgetown,73,7,New Mexico,62
1996,2,2,Cincinnati,78,7,Temple,65
1996,2,12,Arkansas,65,4,Marquette,56
1996,2,3,Texas Tech,92,6,North Carolina,73
1996,2,6,Louisville,68,3,Villanova,64
1996,2,3,Arizona,87,6,Iowa,73
1996,2,3,Georgia Tech,103,11,Boston College,89
1996,2,5,Mississippi State,63,13,Princeton,41
1996,2,4,Utah,73,5,Iowa State,67
1996,2,2,Kansas,76,10,Santa Clara,51
1996,2,4,Syracuse,69,12,Drexel,58
1996,1,2,Cincinnati,66,15,UNC Greensboro,61
1996,1,1,Connecticut,68,16,Colgate,59
1996,1,1,Massachusetts,92,16,Central Florida,70
1996,1,2,Kansas,92,15,South Carolina State,54
1996,1,10,Texas,80,7,Michigan,76
1996,1,9,Eastern Michigan,58,8,Duke,51
1996,1,4,Syracuse,88,13,Montana State,55
1996,1,1,Kentucky,110,16,San Jose State,72
1996,1,10,Santa Clara,91,7,Maryland,79
1996,1,8,Georgia,81,9,Clemson,74
1996,1,13,Princeton,43,4,UCLA,41
1996,1,1,Purdue,73,16,Western Carolina,71
1996,1,7,New Mexico,69,10,Kansas State,48
1996,1,7,Temple,61,10,Oklahoma,43
1996,1,3,Arizona,90,14,Valparaiso,51
1996,1,2,Georgetown,93,15,Mississippi Valley State,56
1996,1,3,Georgia Tech,90,14,Austin Peay,79
1996,1,6,North Carolina,83,11,New Orleans,62
1996,1,6,Louisville,82,11,Tulsa,80
1996,1,11,Boston College,64,6,Indiana,51
1996,1,6,Iowa,81,11,George Washington,79
1996,1,12,Drexel,75,5,Memphis,63
1996,1,4,Utah,72,13,Canisius,43
1996,1,4,Marquette,68,13,Monmouth,44
1996,1,5,Mississippi State,58,12,Virginia Commonwealth,51
1996,1,5,Iowa State,74,12,UC Berkeley,64
1996,1,9,Stanford,66,8,Bradley,58
1996,1,2,Wake Forest,62,15,Louisiana-Monroe,50
1996,1,3,Texas Tech,74,14,Northern Illinois,73
1996,1,3,Villanova,92,14,Portland,58
1996,1,9,Virginia Tech,61,8,Green Bay,48
1996,1,12,Arkansas,86,5,Penn State,80
1995,6,1,UCLA,89,2,Arkansas,78
1995,5,2,Arkansas,75,2,North Carolina,68
1995,5,1,UCLA,74,4,Oklahoma State,61
1995,4,2,North Carolina,74,1,Kentucky,61
1995,4,1,UCLA,102,2,Connecticut,96
1995,4,4,Oklahoma State,68,2,Massachusetts,54
1995,4,2,Arkansas,68,4,Virginia,61
1995,3,4,Virginia,67,1,Kansas,58
1995,3,1,Kentucky,97,5,Arizona State,73
1995,3,2,Connecticut,99,3,Maryland,89
1995,3,2,Massachusetts,76,6,Tulsa,51
1995,3,1,UCLA,86,5,Mississippi State,67
1995,3,2,North Carolina,74,6,Georgetown,64
1995,3,2,Arkansas,96,6,Memphis,91
1995,3,4,Oklahoma State,71,1,Wake Forest,66
1995,2,2,Connecticut,96,7,Cincinnati,91
1995,2,2,Massachusetts,75,10,Stanford,53
1995,2,1,Kansas,75,8,Western Kentucky,70
1995,2,2,Arkansas,96,7,Syracuse,94
1995,2,1,Kentucky,82,9,Tulane,60
1995,2,3,Maryland,82,11,Texas,68
1995,2,6,Tulsa,64,14,Old Dominion,52
1995,2,1,UCLA,75,8,Missouri,74
1995,2,6,Georgetown,53,14,Weber State,51
1995,2,5,Arizona State,64,13,Manhattan,54
1995,2,6,Memphis,75,3,Purdue,73
1995,2,5,Mississippi State,78,4,Utah,64
1995,2,2,North Carolina,73,7,Iowa State,51
1995,2,1,Wake Forest,64,9,St. Louis,59
1995,2,4,Oklahoma State,66,5,Alabama,52
1995,2,4,Virginia,60,12,Miami (Ohio),54
1995,1,7,Cincinnati,77,10,Temple,71
1995,1,2,Connecticut,100,15,Chattanooga,71
1995,1,2,Massachusetts,68,15,St. Peter's,51
1995,1,1,Kansas,82,16,Colgate,68
1995,1,7,Syracuse,96,10,Southern Illinois,92
1995,1,1,Kentucky,113,16,Mount St. Mary's,67
1995,1,3,Maryland,87,14,Gonzaga,63
1995,1,6,Tulsa,68,11,Illinois,62
1995,1,1,UCLA,92,16,Florida International,56
1995,1,3,Purdue,49,14,Green Bay,48
1995,1,2,Arkansas,79,15,Texas Southern,78
1995,1,12,Miami (Ohio),71,5,Arizona,62
1995,1,4,Oklahoma State,73,13,Drexel,49
1995,1,6,Georgetown,68,11,Xavier,63
1995,1,5,Arizona State,81,12,Ball State,66
1995,1,14,Weber State,79,3,Michigan State,72
1995,1,2,North Carolina,80,15,Murray St.,70
1995,1,8,Missouri,65,9,Indiana,60
1995,1,9,St. Louis,64,8,Minnesota,61
1995,1,10,Stanford,70,7,Charlotte,68
1995,1,6,Memphis,77,11,Louisville,56
1995,1,4,Utah,76,13,Long Beach State,64
1995,1,9,Tulane,76,8,Brigham Young,70
1995,1,5,Mississippi State,65,12,Santa Clara,60
1995,1,7,Iowa State,64,10,Florida,61
1995,1,4,Virginia,96,13,Nicholls State,72
1995,1,1,Wake Forest,79,16,North Carolina A&T,47
1995,1,13,Manhattan,77,4,Oklahoma,67
1995,1,5,Alabama,91,12,Penn,85
1995,1,14,Old Dominion,89,3,Villanova,81
1995,1,8,Western Kentucky,82,9,Michigan,76
1995,1,11,Texas,90,6,Oregon,73
1994,6,1,Arkansas,76,2,Duke,72
1994,5,2,Duke,70,3,Florida,65
1994,5,1,Arkansas,91,2,Arizona,82
1994,4,2,Duke,69,1,Purdue,60
1994,4,1,Arkansas,76,3,Michigan,68
1994,4,2,Arizona,92,1,Missouri,72
1994,4,3,Florida,74,9,Boston College,66
1994,3,3,Michigan,78,10,Maryland,71
1994,3,3,Florida,69,2,Connecticut,60
1994,3,2,Duke,59,6,Marquette,49
1994,3,1,Purdue,83,4,Kansas,78
1994,3,1,Arkansas,103,12,Tulsa,84
1994,3,2,Arizona,82,3,Louisville,70
1994,3,1,Missouri,98,4,Syracuse,88
1994,3,9,Boston College,77,5,Indiana,68
1994,2,3,Florida,70,11,Penn,58
1994,2,6,Marquette,75,3,Kentucky,63
1994,2,10,Maryland,95,2,Massachusetts,87
1994,2,3,Michigan,84,6,Texas,79
1994,2,12,Tulsa,82,4,Oklahoma State,80
1994,2,1,Purdue,83,9,Alabama,73
1994,2,1,Arkansas,85,9,Georgetown,73
1994,2,2,Duke,85,7,Michigan State,74
1994,2,9,Boston College,75,1,North Carolina,72
1994,2,1,Missouri,109,9,Wisconsin,96
1994,2,3,Louisville,60,6,Minnesota,55
1994,2,5,Indiana,67,4,Temple,58
1994,2,2,Connecticut,75,10,George Washington,63
1994,2,2,Arizona,71,7,Virginia,58
1994,2,4,Kansas,69,5,Wake Forest,58
1994,2,4,Syracuse,64,12,Green Bay,59
1994,1,9,Wisconsin,80,8,Cincinnati,72
1994,1,2,Connecticut,64,15,Rider,46
1994,1,2,Massachusetts,78,15,Texas State,60
1994,1,4,Kansas,102,13,Chattanooga,73
1994,1,3,Michigan,78,14,Pepperdine,74
1994,1,2,Duke,82,15,Texas Southern,70
1994,1,3,Florida,64,14,James Madison,62
1994,1,6,Marquette,81,11,Louisiana-Lafayette,59
1994,1,13,Hawaii,61,4,Syracuse,57
1994,1,3,Kentucky,83,14,Tennessee State,70
1994,1,9,Alabama,76,8,Providence,70
1994,1,6,Texas,91,11,Western Kentucky,77
1994,1,12,Green Bay,61,5,UC Berkeley,57
1994,1,12,Tulsa,112,5,UCLA,102
1994,1,1,Purdue,98,16,Central Florida,67
1994,1,4,Temple,61,13,Drexel,39
1994,1,1,Arkansas,94,16,North Carolina A&T,79
1994,1,2,Arizona,81,15,Loyola (Md.),55
1994,1,10,George Washington,51,7,Alabama-Birmingham,46
1994,1,4,Oklahoma State,65,13,New Mexico State,55
1994,1,9,Georgetown,84,8,Illinois,77
1994,1,7,Michigan State,84,10,Seton Hall,73
1994,1,11,Penn,90,6,Nebraska,80
1994,1,1,North Carolina,71,16,Liberty,51
1994,1,3,Louisville,67,14,Boise State,58
1994,1,1,Missouri,76,16,Navy,53
1994,1,6,Minnesota,74,11,Southern Illinois,60
1994,1,5,Indiana,84,12,Ohio,72
1994,1,10,Maryland,74,7,St. Louis,66
1994,1,7,Virginia,57,10,New Mexico,54
1994,1,5,Wake Forest,68,12,College of Charleston,58
1994,1,9,Boston College,67,8,Washington State,64
1993,6,1,North Carolina,77,1,Michigan,71
1993,5,1,Michigan,81,1,Kentucky,78
1993,5,1,North Carolina,78,2,Kansas,68
1993,4,1,Michigan,77,7,Temple,72
1993,4,1,Kentucky,106,3,Florida State,81
1993,4,1,North Carolina,75,2,Cincinnati,68
1993,4,2,Kansas,83,1,Indiana,77
1993,3,1,Michigan,72,12,George Washington,64
1993,3,1,Kentucky,103,5,Wake Forest,69
1993,3,2,Kansas,93,6,UC Berkeley,76
1993,3,3,Florida State,81,7,Western Kentucky,78
1993,3,1,North Carolina,80,4,Arkansas,74
1993,3,1,Indiana,82,4,Louisville,69
1993,3,7,Temple,67,3,Vanderbilt,59
1993,3,2,Cincinnati,71,6,Virginia,54
1993,2,1,Michigan,86,9,UCLA,84
1993,2,1,Kentucky,83,8,Utah,62
1993,2,6,UC Berkeley,82,3,Duke,77
1993,2,7,Temple,68,15,Santa Clara,57
1993,2,4,Louisville,78,5,Oklahoma State,63
1993,2,3,Vanderbilt,85,6,Illinois,68
1993,2,1,North Carolina,112,8,Rhode Island,67
1993,2,1,Indiana,73,9,Xavier,70
1993,2,12,George Washington,90,13,Southern,80
1993,2,2,Cincinnati,92,7,New Mexico State,55
1993,2,2,Kansas,90,7,Brigham Young,76
1993,2,6,Virginia,71,3,Massachusetts,56
1993,2,5,Wake Forest,84,4,Iowa,78
1993,2,3,Florida State,94,11,Tulane,63
1993,2,4,Arkansas,80,5,St. John's,74
1993,2,7,Western Kentucky,72,2,Seton Hall,68
1993,1,2,Cincinnati,93,15,Coppin State,66
1993,1,3,Massachusetts,54,14,Penn,50
1993,1,2,Kansas,94,15,Ball State,72
1993,1,1,Michigan,84,16,Coastal Carolina,53
1993,1,3,Duke,105,14,Southern Illinois,70
1993,1,1,Kentucky,96,16,Rider,52
1993,1,6,UC Berkeley,66,11,LSU,64
1993,1,12,George Washington,82,5,New Mexico,68
1993,1,7,Temple,75,10,Missouri,61
1993,1,4,Arkansas,94,13,Holy Cross,64
1993,1,15,Santa Clara,64,2,Arizona,61
1993,1,5,Oklahoma State,74,12,Marquette,62
1993,1,13,Southern,93,4,Georgia Tech,78
1993,1,6,Illinois,75,11,Long Beach State,72
1993,1,3,Florida State,82,14,Evansville,70
1993,1,9,UCLA,81,8,Iowa State,70
1993,1,1,North Carolina,85,16,East Carolina,65
1993,1,4,Louisville,76,13,Delaware,70
1993,1,1,Indiana,97,16,Wright State,54
1993,1,4,Iowa,82,13,Louisiana-Monroe,69
1993,1,3,Vanderbilt,92,14,Boise State,72
1993,1,2,Seton Hall,81,15,Tennessee State,59
1993,1,8,Utah,86,9,Pittsburgh,85
1993,1,7,New Mexico State,93,10,Nebraska,79
1993,1,7,Brigham Young,80,10,Southern Methodist,71
1993,1,9,Xavier,73,8,New Orleans,55
1993,1,6,Virginia,78,11,Manhattan,66
1993,1,5,Wake Forest,81,12,Chattanooga,58
1993,1,11,Tulane,55,6,Kansas State,53
1993,1,8,Rhode Island,74,9,Purdue,68
1993,1,5,St. John's,85,12,Texas Tech,67
1993,1,7,Western Kentucky,55,10,Memphis,52
1992,6,1,Duke,71,6,Michigan,51
1992,5,6,Michigan,76,4,Cincinnati,72
1992,5,1,Duke,81,2,Indiana,78
1992,4,4,Cincinnati,88,6,Memphis,57
1992,4,1,Duke,104,2,Kentucky,103
1992,4,2,Indiana,106,1,UCLA,79
1992,4,6,Michigan,75,1,Ohio State,71
1992,3,2,Kentucky,87,3,Massachusetts,77
1992,3,6,Michigan,75,2,Oklahoma State,72
1992,3,1,Duke,81,4,Seton Hall,69
1992,3,1,UCLA,85,12,New Mexico State,78
1992,3,4,Cincinnati,69,9,UTEP,67
1992,3,2,Indiana,85,3,Florida State,74
1992,3,6,Memphis,83,7,Georgia Tech,79
1992,3,1,Ohio State,80,4,North Carolina,73
1992,2,9,UTEP,66,1,Kansas,60
1992,2,6,Michigan,102,14,East Tennessee State,90
1992,2,1,Duke,75,9,Iowa,62
1992,2,3,Massachusetts,77,6,Syracuse,71
1992,2,1,UCLA,85,8,Louisville,69
1992,2,4,North Carolina,64,5,Alabama,55
1992,2,2,Indiana,89,7,LSU,79
1992,2,3,Florida State,78,6,Georgetown,68
1992,2,7,Georgia Tech,79,2,Southern California,78
1992,2,4,Cincinnati,77,5,Michigan State,65
1992,2,2,Kentucky,106,10,Iowa State,98
1992,2,4,Seton Hall,88,5,Missouri,71
1992,2,6,Memphis,82,3,Arkansas,80
1992,2,12,New Mexico State,81,13,Louisiana-Lafayette,73
1992,2,1,Ohio State,78,9,Connecticut,55
1992,2,2,Oklahoma State,87,10,Tulane,71
1992,1,4,Cincinnati,85,13,Delaware,47
1992,1,3,Massachusetts,85,14,Fordham,58
1992,1,1,Kansas,100,16,Howard,67
1992,1,6,Michigan,73,11,Temple,66
1992,1,1,Duke,82,16,Campbell,56
1992,1,6,Syracuse,51,11,Princeton,43
1992,1,2,Kentucky,88,15,Old Dominion,69
1992,1,9,Iowa,98,8,Texas,92
1992,1,1,UCLA,73,16,Robert Morris,53
1992,1,10,Tulane,61,7,St. John's,57
1992,1,3,Arkansas,80,14,Murray St.,69
1992,1,5,Alabama,80,12,Stanford,75
1992,1,14,East Tennessee State,87,3,Arizona,80
1992,1,7,LSU,94,10,Brigham Young,83
1992,1,2,Oklahoma State,100,15,Georgia Southern,73
1992,1,6,Georgetown,75,11,South Florida,60
1992,1,7,Georgia Tech,65,10,Houston,60
1992,1,3,Florida State,78,14,Montana,68
1992,1,5,Michigan State,61,12,Missouri State,54
1992,1,2,Southern California,84,15,Louisiana-Monroe,54
1992,1,9,Connecticut,86,8,Nebraska,65
1992,1,4,Oklahoma,87,13,Louisiana-Lafayette,83
1992,1,12,New Mexico State,81,5,DePaul,73
1992,1,4,North Carolina,68,13,Miami (Ohio),63
1992,1,8,Louisville,81,9,Wake Forest,58
1992,1,5,Missouri,89,12,West Virginia,78
1992,1,2,Indiana,94,15,Eastern Illinois,55
1992,1,10,Iowa State,76,7,Charlotte,74
1992,1,6,Memphis,80,11,Pepperdine,70
1992,1,4,Seton Hall,78,13,La Salle,76
1992,1,9,UTEP,55,8,Evansville,50
1992,1,1,Ohio State,83,16,Mississippi Valley State,56
1991,6,2,Duke,72,3,Kansas,65
1991,5,2,Duke,79,1,UNLV,77
1991,5,3,Kansas,79,1,North Carolina,73
1991,4,2,Duke,78,4,St. John's,61
1991,4,3,Kansas,93,1,Arkansas,81
1991,4,1,UNLV,77,3,Seton Hall,65
1991,4,1,North Carolina,75,10,Temple,72
1991,3,2,Duke,81,11,Connecticut,67
1991,3,3,Kansas,83,2,Indiana,65
1991,3,1,Arkansas,93,4,Alabama,70
1991,3,1,UNLV,83,4,Utah,66
1991,3,10,Temple,72,3,Oklahoma State,63
1991,3,1,North Carolina,93,12,Eastern Michigan,67
1991,3,3,Seton Hall,81,2,Arizona,77
1991,3,4,St. John's,91,1,Ohio State,74
1991,2,11,Connecticut,66,14,Xavier,50
1991,2,4,St. John's,84,5,Texas,76
1991,2,10,Temple,77,15,Richmond,64
1991,2,1,Arkansas,97,8,Arizona State,90
1991,2,1,UNLV,62,8,Georgetown,54
1991,2,2,Indiana,82,7,Florida State,60
1991,2,4,Utah,85,5,Michigan State,84
1991,2,3,Kansas,77,6,Pittsburgh,66
1991,2,1,North Carolina,84,9,Villanova,69
1991,2,2,Duke,85,7,Iowa,70
1991,2,12,Eastern Michigan,71,13,Penn State,68
1991,2,3,Seton Hall,81,11,Creighton,69
1991,2,3,Oklahoma State,73,6,North Carolina State,64
1991,2,1,Ohio State,65,8,Georgia Tech,61
1991,2,2,Arizona,81,10,Brigham Young,69
1991,2,4,Alabama,96,5,Wake Forest,88
1991,1,3,Kansas,55,14,New Orleans,49
1991,1,2,Duke,102,15,Louisiana-Monroe,73
1991,1,15,Richmond,73,2,Syracuse,69
1991,1,5,Texas,73,12,St. Peter's,65
1991,1,13,Penn State,74,4,UCLA,69
1991,1,10,Temple,80,7,Purdue,63
1991,1,4,St. John's,75,13,Northern Illinois,68
1991,1,1,Arkansas,117,16,Georgia State,76
1991,1,1,UNLV,99,16,Montana,65
1991,1,4,Alabama,89,13,Murray St.,79
1991,1,2,Arizona,93,15,St. Francis (Pa.),80
1991,1,11,Connecticut,79,6,LSU,62
1991,1,3,Oklahoma State,67,14,New Mexico,54
1991,1,8,Georgetown,70,9,Vanderbilt,60
1991,1,8,Georgia Tech,87,9,DePaul,70
1991,1,7,Florida State,75,10,Southern California,72
1991,1,8,Arizona State,79,9,Rutgers,76
1991,1,5,Michigan State,60,12,Green Bay,58
1991,1,6,Pittsburgh,76,11,Georgia,68
1991,1,14,Xavier,89,3,Nebraska,84
1991,1,1,North Carolina,101,16,Northeastern,66
1991,1,2,Indiana,79,15,Coastal Carolina,69
1991,1,7,Iowa,76,10,East Tennessee State,73
1991,1,3,Seton Hall,71,14,Pepperdine,51
1991,1,4,Utah,82,13,South Alabama,72
1991,1,6,North Carolina State,114,11,Southern Mississippi,85
1991,1,9,Villanova,50,8,Princeton,48
1991,1,11,Creighton,64,6,New Mexico State,56
1991,1,1,Ohio State,97,16,Towson,86
1991,1,12,Eastern Michigan,76,5,Mississippi State,56
1991,1,10,Brigham Young,61,7,Virginia,48
1991,1,5,Wake Forest,71,12,Louisiana Tech,65
1990,6,1,UNLV,103,3,Duke,73
1990,5,3,Duke,97,4,Arkansas,83
1990,5,1,UNLV,90,4,Georgia Tech,81
1990,4,3,Duke,79,1,Connecticut,78
1990,4,4,Arkansas,88,10,Texas,85
1990,4,1,UNLV,131,11,Loyola Marymount,101
1990,4,4,Georgia Tech,93,6,Minnesota,91
1990,3,1,Connecticut,71,5,Clemson,70
1990,3,3,Duke,90,7,UCLA,81
1990,3,1,UNLV,69,12,Ball State,67
1990,3,4,Georgia Tech,81,1,Michigan State,80
1990,3,4,Arkansas,96,8,North Carolina,73
1990,3,6,Minnesota,82,2,Syracuse,75
1990,3,10,Texas,102,6,Xavier,89
1990,3,11,Loyola Marymount,62,7,Alabama,60
1990,2,1,Connecticut,74,9,UC Berkeley,54
1990,2,10,Texas,73,2,Purdue,72
1990,2,7,UCLA,71,2,Kansas,70
1990,2,3,Duke,76,6,St. John's,72
1990,2,1,UNLV,76,8,Ohio State,65
1990,2,7,Alabama,77,2,Arizona,55
1990,2,4,Georgia Tech,94,5,LSU,91
1990,2,1,Michigan State,62,9,UC Santa Barbara,58
1990,2,8,North Carolina,79,1,Oklahoma,77
1990,2,2,Syracuse,63,7,Virginia,61
1990,2,6,Minnesota,81,14,Northern Iowa,78
1990,2,6,Xavier,74,3,Georgetown,71
1990,2,5,Clemson,79,4,La Salle,75
1990,2,11,Loyola Marymount,149,3,Michigan,115
1990,2,12,Ball State,62,4,Louisville,60
1990,2,4,Arkansas,86,12,Dayton,84
1990,1,1,Connecticut,76,16,Boston University,52
1990,1,2,Kansas,79,15,Robert Morris,71
1990,1,3,Michigan,76,14,Illinois State,70
1990,1,3,Duke,81,14,Richmond,46
1990,1,2,Syracuse,70,15,Coppin State,48
1990,1,7,UCLA,68,10,Alabama-Birmingham,56
1990,1,2,Purdue,75,15,Louisiana-Monroe,63
1990,1,6,St. John's,81,11,Temple,65
1990,1,4,Arkansas,68,13,Princeton,64
1990,1,1,UNLV,102,16,Arkansas-Little Rock,72
1990,1,7,Alabama,71,10,Colorado State,54
1990,1,2,Arizona,79,15,South Florida,67
1990,1,5,LSU,70,12,Villanova,63
1990,1,3,Georgetown,70,14,Texas Southern,52
1990,1,10,Texas,100,7,Georgia,88
1990,1,4,Georgia Tech,99,13,East Tennessee State,83
1990,1,12,Dayton,88,5,Illinois,86
1990,1,1,Michigan State,75,16,Murray St.,71
1990,1,1,Oklahoma,77,16,Towson,68
1990,1,8,North Carolina,83,9,Missouri State,70
1990,1,4,Louisville,78,13,Idaho,59
1990,1,14,Northern Iowa,74,3,Missouri,71
1990,1,7,Virginia,75,10,Notre Dame,67
1990,1,6,Minnesota,64,11,UTEP,61
1990,1,6,Xavier,87,11,Kansas State,79
1990,1,9,UC Berkeley,65,8,Indiana,63
1990,1,5,Clemson,49,12,Brigham Young,47
1990,1,9,UC Santa Barbara,70,8,Houston,66
1990,1,4,La Salle,79,13,Southern Mississippi,63
1990,1,11,Loyola Marymount,111,6,New Mexico State,92
1990,1,8,Ohio State,84,9,Providence,83
1990,1,12,Ball State,54,5,Oregon State,53
1989,6,3,Michigan,80,3,Seton Hall,79
1989,5,3,Seton Hall,95,2,Duke,78
1989,5,3,Michigan,83,1,Illinois,81
1989,4,3,Seton Hall,84,4,UNLV,61
1989,4,2,Duke,85,1,Georgetown,77
1989,4,1,Illinois,89,2,Syracuse,86
1989,4,3,Michigan,102,5,Virginia,65
1989,3,3,Michigan,92,2,North Carolina,87
1989,3,4,UNLV,68,1,Arizona,67
1989,3,1,Georgetown,69,5,North Carolina State,61
1989,3,1,Illinois,83,4,Louisville,69
1989,3,5,Virginia,86,1,Oklahoma,80
1989,3,2,Syracuse,83,3,Missouri,80
1989,3,2,Duke,87,11,Minnesota,70
1989,3,3,Seton Hall,78,2,Indiana,65
1989,2,3,Missouri,108,11,Texas,89
1989,2,2,North Carolina,88,7,UCLA,81
1989,2,2,Indiana,92,7,UTEP,69
1989,2,4,Louisville,93,5,Arkansas,84
1989,2,1,Arizona,94,9,Clemson,68
1989,2,1,Georgetown,81,9,Notre Dame,74
1989,2,1,Illinois,72,9,Ball State,60
1989,2,5,North Carolina State,102,4,Iowa,96
1989,2,1,Oklahoma,124,9,Louisiana Tech,81
1989,2,4,UNLV,85,12,DePaul,70
1989,2,5,Virginia,104,13,Middle Tennessee State,88
1989,2,2,Duke,70,7,West Virginia,63
1989,2,11,Minnesota,80,14,Siena,67
1989,2,2,Syracuse,65,10,Colorado State,50
1989,2,3,Seton Hall,87,11,Evansville,73
1989,2,3,Michigan,91,11,South Alabama,82
1989,1,14,Siena,80,3,Stanford,78
1989,1,3,Michigan,92,14,Xavier,87
1989,1,2,Duke,90,15,South Carolina State,69
1989,1,11,Minnesota,86,6,Kansas State,75
1989,1,2,Syracuse,104,15,Bucknell,81
1989,1,11,Evansville,94,6,Oregon State,90
1989,1,7,UCLA,84,10,Iowa State,74
1989,1,7,UTEP,85,10,LSU,74
1989,1,5,Arkansas,120,12,Loyola Marymount,101
1989,1,4,UNLV,68,13,Idaho,56
1989,1,11,South Alabama,86,6,Alabama,84
1989,1,1,Arizona,94,16,Robert Morris,60
1989,1,1,Georgetown,50,16,Princeton,49
1989,1,11,Texas,76,6,Georgia Tech,70
1989,1,1,Illinois,77,16,McNeese State,71
1989,1,13,Middle Tennessee State,97,4,Florida State,83
1989,1,9,Ball State,68,8,Pittsburgh,64
1989,1,5,North Carolina State,81,12,South Carolina,66
1989,1,1,Oklahoma,72,16,East Tennessee State,71
1989,1,2,North Carolina,93,15,Southern,79
1989,1,4,Louisville,76,13,Arkansas-Little Rock,71
1989,1,3,Missouri,85,14,Creighton,69
1989,1,5,Virginia,100,12,Providence,97
1989,1,7,West Virginia,84,10,Tennessee,68
1989,1,2,Indiana,99,15,George Mason,85
1989,1,10,Colorado State,68,7,Florida,46
1989,1,4,Iowa,87,13,Rutgers,73
1989,1,9,Louisiana Tech,83,8,La Salle,74
1989,1,12,DePaul,66,5,Memphis,63
1989,1,3,Seton Hall,60,14,Missouri State,51
1989,1,9,Notre Dame,81,8,Vanderbilt,65
1989,1,9,Clemson,83,8,St. Mary's (Cal.),70
1988,6,6,Kansas,83,1,Oklahoma,79
1988,5,1,Oklahoma,86,1,Arizona,78
1988,5,6,Kansas,66,2,Duke,59
1988,4,6,Kansas,71,4,Kansas State,58
1988,4,2,Duke,63,1,Temple,53
1988,4,1,Arizona,70,2,North Carolina,52
1988,4,1,Oklahoma,78,6,Villanova,59
1988,3,2,Duke,73,11,Rhode Island,72
1988,3,4,Kansas State,73,1,Purdue,70
1988,3,1,Temple,69,13,Richmond,47
1988,3,6,Villanova,80,2,Kentucky,74
1988,3,1,Arizona,99,5,Iowa,79
1988,3,6,Kansas,77,7,Vanderbilt,64
1988,3,2,North Carolina,78,3,Michigan,69
1988,3,1,Oklahoma,108,5,Louisville,98
1988,2,11,Rhode Island,97,3,Syracuse,94
1988,2,1,Purdue,100,9,Memphis,73
1988,2,2,Duke,94,7,Southern Methodist,79
1988,2,1,Temple,74,8,Georgetown,53
1988,2,6,Villanova,66,3,Illinois,63
1988,2,1,Arizona,84,8,Seton Hall,55
1988,2,6,Kansas,61,14,Murray St.,58
1988,2,13,Richmond,59,5,Georgia Tech,55
1988,2,1,Oklahoma,107,8,Auburn,87
1988,2,4,Kansas State,66,5,DePaul,58
1988,2,5,Louisville,97,4,Brigham Young,76
1988,2,3,Michigan,108,6,Florida,85
1988,2,5,Iowa,104,4,UNLV,86
1988,2,2,North Carolina,123,10,Loyola Marymount,97
1988,2,2,Kentucky,90,7,Maryland,81
1988,2,7,Vanderbilt,80,2,Pittsburgh,74
1988,1,2,Duke,85,15,Boston University,69
1988,1,4,Kansas State,66,13,La Salle,53
1988,1,3,Syracuse,69,14,North Carolina A&T,55
1988,1,1,Purdue,94,16,Fairleigh Dickinson,79
1988,1,7,Southern Methodist,83,10,Notre Dame,75
1988,1,1,Temple,87,16,Lehigh,73
1988,1,4,UNLV,54,13,Missouri State,50
1988,1,6,Villanova,82,11,Arkansas,74
1988,1,1,Arizona,90,16,Cornell,50
1988,1,6,Kansas,85,11,Xavier,72
1988,1,2,Kentucky,99,15,Southern,84
1988,1,8,Auburn,90,9,Bradley,86
1988,1,8,Georgetown,66,9,LSU,63
1988,1,5,Georgia Tech,90,12,Iowa State,78
1988,1,3,Illinois,81,14,Texas-San Antonio,72
1988,1,3,Michigan,63,14,Boise State,58
1988,1,2,Pittsburgh,108,15,Eastern Michigan,90
1988,1,14,Murray St.,78,3,North Carolina State,75
1988,1,1,Oklahoma,94,16,Chattanooga,66
1988,1,5,DePaul,83,12,Wichita State,62
1988,1,2,North Carolina,83,15,North Texas,65
1988,1,5,Louisville,70,12,Oregon State,61
1988,1,11,Rhode Island,87,6,Missouri,80
1988,1,13,Richmond,72,4,Indiana,69
1988,1,4,Brigham Young,98,13,Charlotte,92
1988,1,6,Florida,62,11,St. John's,59
1988,1,5,Iowa,102,12,Florida State,98
1988,1,10,Loyola Marymount,119,7,Wyoming,115
1988,1,9,Memphis,75,8,Baylor,60
1988,1,7,Maryland,92,10,UC Santa Barbara,82
1988,1,8,Seton Hall,80,9,UTEP,64
1988,1,7,Vanderbilt,80,10,Utah State,77
1987,6,1,Indiana,74,2,Syracuse,73
1987,5,2,Syracuse,77,6,Providence,63
1987,5,1,Indiana,97,1,UNLV,93
1987,4,1,UNLV,84,2,Iowa,81
1987,4,6,Providence,88,1,Georgetown,73
1987,4,2,Syracuse,79,1,North Carolina,75
1987,4,1,Indiana,77,10,LSU,76
1987,3,6,Providence,103,2,Alabama,82
1987,3,1,UNLV,92,12,Wyoming,78
1987,3,1,Georgetown,70,5,Kansas,57
1987,3,2,Iowa,93,6,Oklahoma,91
1987,3,10,LSU,63,3,DePaul,58
1987,3,1,North Carolina,74,5,Notre Dame,68
1987,3,1,Indiana,88,5,Duke,82
1987,3,2,Syracuse,87,6,Florida,81
1987,2,5,Duke,65,13,Xavier,60
1987,2,6,Providence,90,14,Austin Peay,87
1987,2,3,DePaul,83,6,St. John's,75
1987,2,2,Iowa,84,7,UTEP,82
1987,2,1,UNLV,80,9,Kansas State,61
1987,2,5,Kansas,67,13,Missouri State,63
1987,2,10,LSU,72,2,Temple,62
1987,2,1,Georgetown,82,9,Ohio State,79
1987,2,6,Oklahoma,96,3,Pittsburgh,93
1987,2,5,Notre Dame,58,4,TCU,57
1987,2,1,North Carolina,109,9,Michigan,97
1987,2,1,Indiana,107,8,Auburn,90
1987,2,6,Florida,85,3,Purdue,66
1987,2,2,Syracuse,104,10,Western Kentucky,86
1987,2,12,Wyoming,78,4,UCLA,68
1987,2,2,Alabama,101,7,New Orleans,76
1987,1,5,Duke,58,12,Texas A&M,51
1987,1,2,Syracuse,79,15,Georgia Southern,73
1987,1,6,Providence,90,11,Alabama-Birmingham,68
1987,1,3,Purdue,104,14,Northeastern,95
1987,1,6,St. John's,57,11,Wichita State,55
1987,1,2,Temple,75,15,Southern,56
1987,1,7,UTEP,98,10,Arizona,91
1987,1,1,UNLV,95,16,Idaho State,70
1987,1,2,Alabama,88,15,North Carolina A&T,71
1987,1,5,Kansas,66,12,Houston,55
1987,1,9,Ohio State,91,8,Kentucky,77
1987,1,8,Auburn,62,9,San Diego,61
1987,1,1,Georgetown,75,16,Bucknell,53
1987,1,9,Kansas State,82,8,Georgia,79
1987,1,10,LSU,85,7,Georgia Tech,79
1987,1,14,Austin Peay,68,3,Illinois,67
1987,1,3,Pittsburgh,93,14,Marist,68
1987,1,6,Oklahoma,74,11,Tulsa,69
1987,1,3,DePaul,76,14,Louisiana Tech,62
1987,1,5,Notre Dame,84,12,Middle Tennessee State,71
1987,1,1,North Carolina,113,16,Penn,82
1987,1,13,Xavier,70,4,Missouri,69
1987,1,12,Wyoming,64,5,Virginia,60
1987,1,10,Western Kentucky,64,7,West Virginia,62
1987,1,1,Indiana,92,16,Fairfield,58
1987,1,13,Missouri State,65,4,Clemson,60
1987,1,6,Florida,82,11,North Carolina State,70
1987,1,2,Iowa,99,15,Santa Clara,76
1987,1,9,Michigan,97,8,Navy,82
1987,1,4,TCU,76,13,Marshall,60
1987,1,4,UCLA,92,13,Central Michigan,73
1987,1,7,New Orleans,83,10,Brigham Young,79
1986,6,2,Louisville,72,1,Duke,69
1986,5,1,Duke,71,1,Kansas,67
1986,5,2,Louisville,88,11,LSU,77
1986,4,1,Duke,71,7,Navy,50
1986,4,1,Kansas,75,6,North Carolina State,67
1986,4,11,LSU,59,1,Kentucky,57
1986,4,2,Louisville,84,8,Auburn,76
1986,3,1,Duke,74,12,DePaul,67
1986,3,1,Kansas,96,5,Michigan State,86
1986,3,11,LSU,70,2,Georgia Tech,64
1986,3,1,Kentucky,68,5,Alabama,63
1986,3,8,Auburn,70,4,UNLV,63
1986,3,6,North Carolina State,70,7,Iowa State,66
1986,3,2,Louisville,94,3,North Carolina,79
1986,3,7,Navy,71,14,Cleveland State,70
1986,2,1,Duke,89,8,Old Dominion,61
1986,2,8,Auburn,81,1,St. John's,65
1986,2,2,Georgia Tech,66,10,Villanova,61
1986,2,5,Alabama,58,4,Illinois,56
1986,2,1,Kansas,65,9,Temple,43
1986,2,11,LSU,83,3,Memphis,81
1986,2,3,North Carolina,77,6,Alabama-Birmingham,59
1986,2,1,Kentucky,71,8,Western Kentucky,64
1986,2,4,UNLV,70,5,Maryland,64
1986,2,5,Michigan State,80,4,Georgetown,68
1986,2,7,Iowa State,72,2,Michigan,69
1986,2,7,Navy,97,2,Syracuse,85
1986,2,6,North Carolina State,80,14,Arkansas-Little Rock,66
1986,2,12,DePaul,74,4,Oklahoma,69
1986,2,14,Cleveland State,75,6,St. Joseph's,69
1986,2,2,Louisville,82,7,Bradley,68
1986,1,1,Duke,85,16,Mississippi Valley State,78
1986,1,2,Syracuse,101,15,Brown,52
1986,1,11,LSU,94,6,Purdue,87
1986,1,1,St. John's,83,16,Montana State,74
1986,1,4,UNLV,74,13,Louisiana-Monroe,51
1986,1,5,Alabama,97,12,Xavier,80
1986,1,10,Villanova,71,7,Virginia Tech,62
1986,1,1,Kansas,71,16,North Carolina A&T,46
1986,1,6,Alabama-Birmingham,66,11,Missouri,64
1986,1,1,Kentucky,75,16,Davidson,55
1986,1,8,Auburn,73,9,Arizona,63
1986,1,4,Georgetown,70,13,Texas Tech,64
1986,1,2,Georgia Tech,68,15,Marist,53
1986,1,4,Illinois,75,13,Fairfield,51
1986,1,5,Maryland,69,12,Pepperdine,64
1986,1,3,Memphis,95,14,Ball State,63
1986,1,2,Michigan,70,15,Akron,64
1986,1,5,Michigan State,72,12,Washington,70
1986,1,7,Iowa State,81,10,Miami (Ohio),79
1986,1,7,Navy,87,10,Tulsa,68
1986,1,6,North Carolina State,66,11,Iowa,64
1986,1,4,Oklahoma,80,13,Northeastern,74
1986,1,14,Arkansas-Little Rock,90,3,Notre Dame,83
1986,1,3,North Carolina,84,14,Utah,72
1986,1,9,Temple,61,8,Jacksonville,50
1986,1,2,Louisville,93,15,Drexel,73
1986,1,8,Old Dominion,72,9,West Virginia,64
1986,1,6,St. Joseph's,60,11,Richmond,59
1986,1,12,DePaul,72,5,Virginia,68
1986,1,8,Western Kentucky,67,9,Nebraska,59
1986,1,7,Bradley,83,10,UTEP,65
1986,1,14,Cleveland State,83,3,Indiana,79
1985,6,8,Villanova,66,1,Georgetown,64
1985,5,1,Georgetown,77,1,St. John's,59
1985,5,8,Villanova,52,2,Memphis,45
1985,4,1,St. John's,69,3,North Carolina State,60
1985,4,8,Villanova,56,2,North Carolina,44
1985,4,1,Georgetown,60,2,Georgia Tech,54
1985,4,2,Memphis,63,1,Oklahoma,61
1985,3,2,Memphis,59,11,Boston College,57
1985,3,1,St. John's,86,12,Kentucky,70
1985,3,8,Villanova,46,5,Maryland,43
1985,3,2,North Carolina,62,11,Auburn,56
1985,3,1,Georgetown,65,4,Loyola (Ill.),53
1985,3,2,Georgia Tech,61,3,Illinois,53
1985,3,3,North Carolina State,61,7,Alabama,55
1985,3,1,Oklahoma,86,5,Louisiana Tech,84
1985,2,2,Georgia Tech,70,7,Syracuse,53
1985,2,11,Boston College,74,3,Duke,73
1985,2,1,St. John's,68,9,Arkansas,65
1985,2,4,Loyola (Ill.),70,5,Southern Methodist,57
1985,2,3,North Carolina State,86,11,UTEP,73
1985,2,7,Alabama,63,2,Virginia Commonwealth,59
1985,2,2,Memphis,67,7,Alabama-Birmingham,66
1985,2,11,Auburn,66,3,Kansas,64
1985,2,1,Georgetown,63,8,Temple,46
1985,2,3,Illinois,74,6,Georgia,58
1985,2,12,Kentucky,64,4,UNLV,61
1985,2,5,Louisiana Tech,79,4,Ohio State,67
1985,2,5,Maryland,64,13,Navy,59
1985,2,8,Villanova,59,1,Michigan,55
1985,2,1,Oklahoma,75,9,Illinois State,69
1985,2,2,North Carolina,60,7,Notre Dame,58
1985,1,3,Duke,75,14,Pepperdine,62
1985,1,7,Syracuse,70,10,DePaul,65
1985,1,11,Auburn,59,6,Purdue,58
1985,1,1,St. John's,83,16,Southern,59
1985,1,9,Illinois State,58,8,Southern California,55
1985,1,5,Southern Methodist,85,12,Old Dominion,68
1985,1,8,Temple,60,9,Virginia Tech,57
1985,1,11,Boston College,55,6,Texas Tech,53
1985,1,11,UTEP,79,6,Tulsa,75
1985,1,4,UNLV,85,13,San Diego State,80
1985,1,8,Villanova,51,9,Dayton,49
1985,1,7,Alabama,50,10,Arizona,41
1985,1,2,Virginia Commonwealth,81,15,Marshall,65
1985,1,12,Kentucky,66,5,Washington,58
1985,1,3,Kansas,49,14,Ohio,38
1985,1,13,Navy,78,4,LSU,55
1985,1,7,Alabama-Birmingham,70,10,Michigan State,68
1985,1,1,Georgetown,68,16,Lehigh,43
1985,1,6,Georgia,67,11,Wichita State,59
1985,1,2,Georgia Tech,65,15,Mercer,58
1985,1,3,Illinois,76,14,Northeastern,57
1985,1,5,Louisiana Tech,78,12,Pittsburgh,54
1985,1,4,Loyola (Ill.),59,13,Iona,58
1985,1,5,Maryland,69,12,Miami (Ohio),68
1985,1,2,Memphis,67,15,Penn,55
1985,1,1,Michigan,59,16,Fairleigh Dickinson,55
1985,1,9,Arkansas,63,8,Iowa,54
1985,1,3,North Carolina State,65,14,Nevada,56
1985,1,4,Ohio State,75,13,Iowa State,64
1985,1,1,Oklahoma,96,16,North Carolina A&T,83
1985,1,7,Notre Dame,79,10,Oregon State,70
1985,1,2,North Carolina,76,15,Middle Tennessee State,57
